-- phpMyAdmin SQL Dump
-- version 4.8.3
-- https://www.phpmyadmin.net/
--
-- Máy chủ: 127.0.0.1
-- Thời gian đã tạo: Th3 21, 2019 lúc 03:33 AM
-- Phiên bản máy phục vụ: 10.1.36-MariaDB
-- Phiên bản PHP: 5.6.38

SET SQL_MODE = "NO_AUTO_VALUE_ON_ZERO";
SET AUTOCOMMIT = 0;
START TRANSACTION;
SET time_zone = "+00:00";


/*!40101 SET @OLD_CHARACTER_SET_CLIENT=@@CHARACTER_SET_CLIENT */;
/*!40101 SET @OLD_CHARACTER_SET_RESULTS=@@CHARACTER_SET_RESULTS */;
/*!40101 SET @OLD_COLLATION_CONNECTION=@@COLLATION_CONNECTION */;
/*!40101 SET NAMES utf8mb4 */;

--
-- Cơ sở dữ liệu: `webtintuc`
--

-- --------------------------------------------------------

--
-- Cấu trúc bảng cho bảng `comment`
--

CREATE TABLE `comment` (
  `id` int(10) UNSIGNED NOT NULL,
  `idUser` int(10) UNSIGNED NOT NULL,
  `idTinTuc` int(10) UNSIGNED NOT NULL,
  `NoiDung` varchar(255) COLLATE utf8_unicode_ci NOT NULL,
  `created_at` timestamp NULL DEFAULT NULL,
  `updated_at` timestamp NULL DEFAULT NULL
) ENGINE=InnoDB DEFAULT CHARSET=utf8 COLLATE=utf8_unicode_ci;

-- --------------------------------------------------------

--
-- Cấu trúc bảng cho bảng `theloai`
--

CREATE TABLE `theloai` (
  `id` int(10) UNSIGNED NOT NULL,
  `Ten` varchar(255) COLLATE utf8_unicode_ci NOT NULL,
  `TenKhongDau` varchar(255) COLLATE utf8_unicode_ci NOT NULL,
  `created_at` timestamp NULL DEFAULT NULL,
  `updated_at` timestamp NULL DEFAULT NULL
) ENGINE=InnoDB DEFAULT CHARSET=utf8 COLLATE=utf8_unicode_ci;

--
-- Đang đổ dữ liệu cho bảng `theloai`
--

INSERT INTO `theloai` (`id`, `Ten`, `TenKhongDau`, `created_at`, `updated_at`) VALUES
(1, 'Xã Hội', 'Xa-Hoi', NULL, NULL),
(2, 'Thế Giới', 'The-Gioi', NULL, NULL),
(3, 'Kinh Doanh', 'Kinh-Doanh', NULL, NULL),
(4, 'Văn Hoá', 'Van-Hoa', NULL, NULL),
(5, 'Thể Thao', 'The-Thao', NULL, NULL),
(6, 'Pháp Luật', 'Phap-Luat', NULL, NULL),
(7, 'Đời Sống', 'Doi-Song', NULL, NULL),
(8, 'Khoa Học', 'Khoa-Hoc', NULL, NULL),
(9, 'Vi Tính', 'Vi-Tinh', NULL, NULL);

-- --------------------------------------------------------

--
-- Cấu trúc bảng cho bảng `tintuc`
--

CREATE TABLE `tintuc` (
  `id` int(10) UNSIGNED NOT NULL,
  `TieuDe` varchar(255) COLLATE utf8_unicode_ci NOT NULL,
  `TieuDeKhongDau` varchar(255) COLLATE utf8_unicode_ci NOT NULL,
  `TomTat` text COLLATE utf8_unicode_ci NOT NULL,
  `NoiDung` longtext COLLATE utf8_unicode_ci NOT NULL,
  `Hinh` varchar(255) COLLATE utf8_unicode_ci NOT NULL,
  `NoiBat` int(11) NOT NULL DEFAULT '0',
  `SoLuotXem` int(11) NOT NULL DEFAULT '0',
  `idTheLoai` int(10) UNSIGNED NOT NULL,
  `created_at` timestamp NULL DEFAULT CURRENT_TIMESTAMP,
  `updated_at` timestamp NULL DEFAULT CURRENT_TIMESTAMP
) ENGINE=InnoDB DEFAULT CHARSET=utf8 COLLATE=utf8_unicode_ci;

--
-- Đang đổ dữ liệu cho bảng `tintuc`
--

INSERT INTO `tintuc` (`id`, `TieuDe`, `TieuDeKhongDau`, `TomTat`, `NoiDung`, `Hinh`, `NoiBat`, `SoLuotXem`, `idTheLoai`, `created_at`, `updated_at`) VALUES
(1, 'Lần đầu ĐH FPT cấp học bổng tiến sĩ ', 'Lan-Dau-Dh-Fpt-Cap-Hoc-Bong-Tien-Si', 'Bên cạnh 400 suất học bổng Nguyễn Văn Đạo, ĐH FPT lần đầu tiên chọn ra 30 học sinh xuất sắc nhất để cấp học bổng toàn phần đào tạo từ cử nhân lên thẳng tiến sĩ, với tổng giá trị quỹ lên tới 5 triệu USD.', '<p>Lorem ipsum dolor sit amet, consectetur adipiscing elit. Mauris suscipit ullamcorper turpis scelerisque ullamcorper. Aliquam interdum mi in ipsum tristique, at dignissim dui viverra. Maecenas eleifend tristique magna non faucibus. Aliquam erat volutpat. Aenean et metus ipsum. Nulla pulvinar, ante quis semper aliquam, lacus arcu tincidunt metus, sed auctor velit nulla sit amet risus. Maecenas elit est, rutrum malesuada semper ut, molestie quis dui. Vivamus rhoncus, leo placerat aliquam tincidunt, sem risus dictum sem, sed tincidunt odio est non orci. Vivamus facilisis lectus sed augue euismod, a malesuada neque pellentesque. Aenean tristique leo nisl, nec auctor sapien fermentum quis. Etiam ligula ligula, facilisis quis tellus id, finibus dictum massa. Pellentesque feugiat congue aliquet. Ut quis lacus et risus mollis finibus ac id ante.\r\n\r\nEtiam ut turpis pulvinar, ullamcorper augue at, venenatis leo. Proin sed urna mauris. Nam porta tellus est, nec viverra sapien blandit quis. Quisque rhoncus quis urna vel pharetra. Cras id dui eget nisi convallis congue et ut nibh. Vestibulum quis turpis tempor, vestibulum justo et, varius ipsum. Duis tristique facilisis nunc ut venenatis. Praesent euismod est quis dolor facilisis, eu imperdiet mi dignissim. Suspendisse id iaculis libero. Aliquam sed velit dolor.\r\n\r\nVestibulum semper et justo a sodales. Etiam in pulvinar dui, vitae faucibus metus. Pellentesque non sapien vel massa fermentum varius lacinia id risus. Quisque vitae orci nec tortor vestibulum viverra. Mauris at fermentum erat. Curabitur facilisis, lacus vel bibendum convallis, libero nisi egestas mi, ut finibus neque risus non felis. Nullam quis egestas leo, a convallis eros. Pellentesque lacinia cursus sem, sed laoreet nisl tristique in.\r\n\r\nSed gravida laoreet nulla vitae condimentum. Morbi ornare lorem id ultricies elementum. Phasellus justo neque, porttitor non libero eget, posuere condimentum eros. Proin nec commodo lectus. Sed in leo eget odio scelerisque maximus. Sed efficitur pretium aliquet. Donec semper odio condimentum ante malesuada luctus. Morbi quam diam, euismod eu est et, porttitor posuere nunc. Nullam dapibus mauris et ligula iaculis, a placerat mi maximus. Donec bibendum risus at mauris euismod, vitae congue dui tincidunt.\r\n\r\nUt sed viverra mauris. Quisque euismod vestibulum purus non feugiat. Donec at ante at urna scelerisque gravida sed eu nunc. Maecenas sed arcu interdum, pulvinar dui et, consequat odio. Nulla a nulla commodo, fringilla odio in, faucibus tortor. Morbi condimentum ullamcorper semper. Donec consequat mauris sapien, nec porttitor velit efficitur fringilla. Suspendisse pulvinar sit amet purus nec semper. Nam fringilla aliquet ligula efficitur scelerisque. Nullam sit amet tortor eros. Vestibulum molestie odio eget orci tristique convallis. Maecenas tincidunt diam eget ipsum gravida, eu facilisis nisl dictum. In dictum sed erat a laoreet. Quisque finibus in turpis vitae egestas. Pellentesque eleifend bibendum egestas. Donec quis bibendum dolor, vitae egestas odio. </p>', 'FPT-2.jpg', 1, 0, 1, NULL, NULL),
(2, '300 tỷ đồng phát triển giáo dục mầm non ', '300-ty-dong-phat-trien-giao-duc-mam-non', '<p>aaaaaaaaaaaaaaa</p>\r\n', '<p>Lorem ipsum dolor sit amet, consectetur adipiscing elit. Mauris suscipit ullamcorper turpis scelerisque ullamcorper. Aliquam interdum mi in ipsum tristique, at dignissim dui viverra. Maecenas eleifend tristique magna non faucibus. Aliquam erat volutpat. Aenean et metus ipsum. Nulla pulvinar, ante quis semper aliquam, lacus arcu tincidunt metus, sed auctor velit nulla sit amet risus. Maecenas elit est, rutrum malesuada semper ut, molestie quis dui. Vivamus rhoncus, leo placerat aliquam tincidunt, sem risus dictum sem, sed tincidunt odio est non orci. Vivamus facilisis lectus sed augue euismod, a malesuada neque pellentesque. Aenean tristique leo nisl, nec auctor sapien fermentum quis. Etiam ligula ligula, facilisis quis tellus id, finibus dictum massa. Pellentesque feugiat congue aliquet. Ut quis lacus et risus mollis finibus ac id ante.\r\n\r\nEtiam ut turpis pulvinar, ullamcorper augue at, venenatis leo. Proin sed urna mauris. Nam porta tellus est, nec viverra sapien blandit quis. Quisque rhoncus quis urna vel pharetra. Cras id dui eget nisi convallis congue et ut nibh. Vestibulum quis turpis tempor, vestibulum justo et, varius ipsum. Duis tristique facilisis nunc ut venenatis. Praesent euismod est quis dolor facilisis, eu imperdiet mi dignissim. Suspendisse id iaculis libero. Aliquam sed velit dolor.\r\n\r\nVestibulum semper et justo a sodales. Etiam in pulvinar dui, vitae faucibus metus. Pellentesque non sapien vel massa fermentum varius lacinia id risus. Quisque vitae orci nec tortor vestibulum viverra. Mauris at fermentum erat. Curabitur facilisis, lacus vel bibendum convallis, libero nisi egestas mi, ut finibus neque risus non felis. Nullam quis egestas leo, a convallis eros. Pellentesque lacinia cursus sem, sed laoreet nisl tristique in.\r\n\r\nSed gravida laoreet nulla vitae condimentum. Morbi ornare lorem id ultricies elementum. Phasellus justo neque, porttitor non libero eget, posuere condimentum eros. Proin nec commodo lectus. Sed in leo eget odio scelerisque maximus. Sed efficitur pretium aliquet. Donec semper odio condimentum ante malesuada luctus. Morbi quam diam, euismod eu est et, porttitor posuere nunc. Nullam dapibus mauris et ligula iaculis, a placerat mi maximus. Donec bibendum risus at mauris euismod, vitae congue dui tincidunt.\r\n\r\nUt sed viverra mauris. Quisque euismod vestibulum purus non feugiat. Donec at ante at urna scelerisque gravida sed eu nunc. Maecenas sed arcu interdum, pulvinar dui et, consequat odio. Nulla a nulla commodo, fringilla odio in, faucibus tortor. Morbi condimentum ullamcorper semper. Donec consequat mauris sapien, nec porttitor velit efficitur fringilla. Suspendisse pulvinar sit amet purus nec semper. Nam fringilla aliquet ligula efficitur scelerisque. Nullam sit amet tortor eros. Vestibulum molestie odio eget orci tristique convallis. Maecenas tincidunt diam eget ipsum gravida, eu facilisis nisl dictum. In dictum sed erat a laoreet. Quisque finibus in turpis vitae egestas. Pellentesque eleifend bibendum egestas. Donec quis bibendum dolor, vitae egestas odio. </p>', '2.jpg', 0, 0, 5, NULL, '2016-06-10 23:43:15'),
(3, 'Nợ giáo viên tiền tỷ chi phí phổ cập giáo dục ', 'No-Giao-Vien-Tien-Ty-Chi-Phi-Pho-Cap-Giao-Duc', 'Ba năm qua, nhiều giáo viên ở Khánh Hòa bỏ công sức, kể cả tiền bạc để thực hiện phổ cập giáo dục cho học sinh trên địa bàn tỉnh, song đến nay vẫn chưa nhận được tiền chính quyền chi trả. ', '<p>Lorem ipsum dolor sit amet, consectetur adipiscing elit. Mauris suscipit ullamcorper turpis scelerisque ullamcorper. Aliquam interdum mi in ipsum tristique, at dignissim dui viverra. Maecenas eleifend tristique magna non faucibus. Aliquam erat volutpat. Aenean et metus ipsum. Nulla pulvinar, ante quis semper aliquam, lacus arcu tincidunt metus, sed auctor velit nulla sit amet risus. Maecenas elit est, rutrum malesuada semper ut, molestie quis dui. Vivamus rhoncus, leo placerat aliquam tincidunt, sem risus dictum sem, sed tincidunt odio est non orci. Vivamus facilisis lectus sed augue euismod, a malesuada neque pellentesque. Aenean tristique leo nisl, nec auctor sapien fermentum quis. Etiam ligula ligula, facilisis quis tellus id, finibus dictum massa. Pellentesque feugiat congue aliquet. Ut quis lacus et risus mollis finibus ac id ante.\r\n\r\nEtiam ut turpis pulvinar, ullamcorper augue at, venenatis leo. Proin sed urna mauris. Nam porta tellus est, nec viverra sapien blandit quis. Quisque rhoncus quis urna vel pharetra. Cras id dui eget nisi convallis congue et ut nibh. Vestibulum quis turpis tempor, vestibulum justo et, varius ipsum. Duis tristique facilisis nunc ut venenatis. Praesent euismod est quis dolor facilisis, eu imperdiet mi dignissim. Suspendisse id iaculis libero. Aliquam sed velit dolor.\r\n\r\nVestibulum semper et justo a sodales. Etiam in pulvinar dui, vitae faucibus metus. Pellentesque non sapien vel massa fermentum varius lacinia id risus. Quisque vitae orci nec tortor vestibulum viverra. Mauris at fermentum erat. Curabitur facilisis, lacus vel bibendum convallis, libero nisi egestas mi, ut finibus neque risus non felis. Nullam quis egestas leo, a convallis eros. Pellentesque lacinia cursus sem, sed laoreet nisl tristique in.\r\n\r\nSed gravida laoreet nulla vitae condimentum. Morbi ornare lorem id ultricies elementum. Phasellus justo neque, porttitor non libero eget, posuere condimentum eros. Proin nec commodo lectus. Sed in leo eget odio scelerisque maximus. Sed efficitur pretium aliquet. Donec semper odio condimentum ante malesuada luctus. Morbi quam diam, euismod eu est et, porttitor posuere nunc. Nullam dapibus mauris et ligula iaculis, a placerat mi maximus. Donec bibendum risus at mauris euismod, vitae congue dui tincidunt.\r\n\r\nUt sed viverra mauris. Quisque euismod vestibulum purus non feugiat. Donec at ante at urna scelerisque gravida sed eu nunc. Maecenas sed arcu interdum, pulvinar dui et, consequat odio. Nulla a nulla commodo, fringilla odio in, faucibus tortor. Morbi condimentum ullamcorper semper. Donec consequat mauris sapien, nec porttitor velit efficitur fringilla. Suspendisse pulvinar sit amet purus nec semper. Nam fringilla aliquet ligula efficitur scelerisque. Nullam sit amet tortor eros. Vestibulum molestie odio eget orci tristique convallis. Maecenas tincidunt diam eget ipsum gravida, eu facilisis nisl dictum. In dictum sed erat a laoreet. Quisque finibus in turpis vitae egestas. Pellentesque eleifend bibendum egestas. Donec quis bibendum dolor, vitae egestas odio. </p>', 'pho-cap-giao-duc-nho-2.jpg', 0, 0, 1, NULL, NULL),
(4, 'Đón và chăm sóc trẻ sau giờ tan trường qua dịch vụ ', 'Don-Va-Cham-Soc-Tre-Sau-Gio-Tan-Truong-Qua-Dich-Vu', 'Các bé sẽ được chăm sóc bữa ăn, tắm rửa sạch sẽ, vui chơi và học tập cùng cô giáo theo các nội dung trong sổ báo bài, mở rộng hoặc đào sâu kiến thức theo yêu cầu của phụ huynh. ', '<p>Lorem ipsum dolor sit amet, consectetur adipiscing elit. Mauris suscipit ullamcorper turpis scelerisque ullamcorper. Aliquam interdum mi in ipsum tristique, at dignissim dui viverra. Maecenas eleifend tristique magna non faucibus. Aliquam erat volutpat. Aenean et metus ipsum. Nulla pulvinar, ante quis semper aliquam, lacus arcu tincidunt metus, sed auctor velit nulla sit amet risus. Maecenas elit est, rutrum malesuada semper ut, molestie quis dui. Vivamus rhoncus, leo placerat aliquam tincidunt, sem risus dictum sem, sed tincidunt odio est non orci. Vivamus facilisis lectus sed augue euismod, a malesuada neque pellentesque. Aenean tristique leo nisl, nec auctor sapien fermentum quis. Etiam ligula ligula, facilisis quis tellus id, finibus dictum massa. Pellentesque feugiat congue aliquet. Ut quis lacus et risus mollis finibus ac id ante.\r\n\r\nEtiam ut turpis pulvinar, ullamcorper augue at, venenatis leo. Proin sed urna mauris. Nam porta tellus est, nec viverra sapien blandit quis. Quisque rhoncus quis urna vel pharetra. Cras id dui eget nisi convallis congue et ut nibh. Vestibulum quis turpis tempor, vestibulum justo et, varius ipsum. Duis tristique facilisis nunc ut venenatis. Praesent euismod est quis dolor facilisis, eu imperdiet mi dignissim. Suspendisse id iaculis libero. Aliquam sed velit dolor.\r\n\r\nVestibulum semper et justo a sodales. Etiam in pulvinar dui, vitae faucibus metus. Pellentesque non sapien vel massa fermentum varius lacinia id risus. Quisque vitae orci nec tortor vestibulum viverra. Mauris at fermentum erat. Curabitur facilisis, lacus vel bibendum convallis, libero nisi egestas mi, ut finibus neque risus non felis. Nullam quis egestas leo, a convallis eros. Pellentesque lacinia cursus sem, sed laoreet nisl tristique in.\r\n\r\nSed gravida laoreet nulla vitae condimentum. Morbi ornare lorem id ultricies elementum. Phasellus justo neque, porttitor non libero eget, posuere condimentum eros. Proin nec commodo lectus. Sed in leo eget odio scelerisque maximus. Sed efficitur pretium aliquet. Donec semper odio condimentum ante malesuada luctus. Morbi quam diam, euismod eu est et, porttitor posuere nunc. Nullam dapibus mauris et ligula iaculis, a placerat mi maximus. Donec bibendum risus at mauris euismod, vitae congue dui tincidunt.\r\n\r\nUt sed viverra mauris. Quisque euismod vestibulum purus non feugiat. Donec at ante at urna scelerisque gravida sed eu nunc. Maecenas sed arcu interdum, pulvinar dui et, consequat odio. Nulla a nulla commodo, fringilla odio in, faucibus tortor. Morbi condimentum ullamcorper semper. Donec consequat mauris sapien, nec porttitor velit efficitur fringilla. Suspendisse pulvinar sit amet purus nec semper. Nam fringilla aliquet ligula efficitur scelerisque. Nullam sit amet tortor eros. Vestibulum molestie odio eget orci tristique convallis. Maecenas tincidunt diam eget ipsum gravida, eu facilisis nisl dictum. In dictum sed erat a laoreet. Quisque finibus in turpis vitae egestas. Pellentesque eleifend bibendum egestas. Donec quis bibendum dolor, vitae egestas odio. </p>', 'be-2.jpg', 0, 0, 1, NULL, NULL),
(5, '7 học sinh rơi từ tầng hai xuống đất vì gãy lan can ', '7-Hoc-Sinh-Roi-Tu-Tang-Hai-Xuong-Dat-Vi-Gay-Lan-Can', 'Đang giờ ra chơi, bất ngờ toàn bộ lan can tầng hai của Trường THCS thị trấn Chợ Rã (Bắc Kạn) gãy đổ ra ngoài, kéo theo 7 học sinh lớp 6A rơi xuống đất. ', '<p>Lorem ipsum dolor sit amet, consectetur adipiscing elit. Mauris suscipit ullamcorper turpis scelerisque ullamcorper. Aliquam interdum mi in ipsum tristique, at dignissim dui viverra. Maecenas eleifend tristique magna non faucibus. Aliquam erat volutpat. Aenean et metus ipsum. Nulla pulvinar, ante quis semper aliquam, lacus arcu tincidunt metus, sed auctor velit nulla sit amet risus. Maecenas elit est, rutrum malesuada semper ut, molestie quis dui. Vivamus rhoncus, leo placerat aliquam tincidunt, sem risus dictum sem, sed tincidunt odio est non orci. Vivamus facilisis lectus sed augue euismod, a malesuada neque pellentesque. Aenean tristique leo nisl, nec auctor sapien fermentum quis. Etiam ligula ligula, facilisis quis tellus id, finibus dictum massa. Pellentesque feugiat congue aliquet. Ut quis lacus et risus mollis finibus ac id ante.\r\n\r\nEtiam ut turpis pulvinar, ullamcorper augue at, venenatis leo. Proin sed urna mauris. Nam porta tellus est, nec viverra sapien blandit quis. Quisque rhoncus quis urna vel pharetra. Cras id dui eget nisi convallis congue et ut nibh. Vestibulum quis turpis tempor, vestibulum justo et, varius ipsum. Duis tristique facilisis nunc ut venenatis. Praesent euismod est quis dolor facilisis, eu imperdiet mi dignissim. Suspendisse id iaculis libero. Aliquam sed velit dolor.\r\n\r\nVestibulum semper et justo a sodales. Etiam in pulvinar dui, vitae faucibus metus. Pellentesque non sapien vel massa fermentum varius lacinia id risus. Quisque vitae orci nec tortor vestibulum viverra. Mauris at fermentum erat. Curabitur facilisis, lacus vel bibendum convallis, libero nisi egestas mi, ut finibus neque risus non felis. Nullam quis egestas leo, a convallis eros. Pellentesque lacinia cursus sem, sed laoreet nisl tristique in.\r\n\r\nSed gravida laoreet nulla vitae condimentum. Morbi ornare lorem id ultricies elementum. Phasellus justo neque, porttitor non libero eget, posuere condimentum eros. Proin nec commodo lectus. Sed in leo eget odio scelerisque maximus. Sed efficitur pretium aliquet. Donec semper odio condimentum ante malesuada luctus. Morbi quam diam, euismod eu est et, porttitor posuere nunc. Nullam dapibus mauris et ligula iaculis, a placerat mi maximus. Donec bibendum risus at mauris euismod, vitae congue dui tincidunt.\r\n\r\nUt sed viverra mauris. Quisque euismod vestibulum purus non feugiat. Donec at ante at urna scelerisque gravida sed eu nunc. Maecenas sed arcu interdum, pulvinar dui et, consequat odio. Nulla a nulla commodo, fringilla odio in, faucibus tortor. Morbi condimentum ullamcorper semper. Donec consequat mauris sapien, nec porttitor velit efficitur fringilla. Suspendisse pulvinar sit amet purus nec semper. Nam fringilla aliquet ligula efficitur scelerisque. Nullam sit amet tortor eros. Vestibulum molestie odio eget orci tristique convallis. Maecenas tincidunt diam eget ipsum gravida, eu facilisis nisl dictum. In dictum sed erat a laoreet. Quisque finibus in turpis vitae egestas. Pellentesque eleifend bibendum egestas. Donec quis bibendum dolor, vitae egestas odio. </p>', 'tai_nan_set_top.gif', 0, 0, 1, NULL, NULL),
(6, 'Giáo viên TP HCM được thưởng tết tối thiểu 700.000 đồng ', 'Giao-Vien-Tp-Hcm-Duoc-Thuong-Tet-Toi-Thieu-700.000-Dong', 'Sở GD&ĐT TP HCM vừa có thông báo về việc UBND thành phố chấp thuận đề nghị hỗ trợ mức quà tết cho cán bộ công chức trong ngành tối thiểu là 700.000 đồng. Mức thưởng này cao hơn năm ngoái 100.000 đồng. ', '<p>Lorem ipsum dolor sit amet, consectetur adipiscing elit. Mauris suscipit ullamcorper turpis scelerisque ullamcorper. Aliquam interdum mi in ipsum tristique, at dignissim dui viverra. Maecenas eleifend tristique magna non faucibus. Aliquam erat volutpat. Aenean et metus ipsum. Nulla pulvinar, ante quis semper aliquam, lacus arcu tincidunt metus, sed auctor velit nulla sit amet risus. Maecenas elit est, rutrum malesuada semper ut, molestie quis dui. Vivamus rhoncus, leo placerat aliquam tincidunt, sem risus dictum sem, sed tincidunt odio est non orci. Vivamus facilisis lectus sed augue euismod, a malesuada neque pellentesque. Aenean tristique leo nisl, nec auctor sapien fermentum quis. Etiam ligula ligula, facilisis quis tellus id, finibus dictum massa. Pellentesque feugiat congue aliquet. Ut quis lacus et risus mollis finibus ac id ante.\r\n\r\nEtiam ut turpis pulvinar, ullamcorper augue at, venenatis leo. Proin sed urna mauris. Nam porta tellus est, nec viverra sapien blandit quis. Quisque rhoncus quis urna vel pharetra. Cras id dui eget nisi convallis congue et ut nibh. Vestibulum quis turpis tempor, vestibulum justo et, varius ipsum. Duis tristique facilisis nunc ut venenatis. Praesent euismod est quis dolor facilisis, eu imperdiet mi dignissim. Suspendisse id iaculis libero. Aliquam sed velit dolor.\r\n\r\nVestibulum semper et justo a sodales. Etiam in pulvinar dui, vitae faucibus metus. Pellentesque non sapien vel massa fermentum varius lacinia id risus. Quisque vitae orci nec tortor vestibulum viverra. Mauris at fermentum erat. Curabitur facilisis, lacus vel bibendum convallis, libero nisi egestas mi, ut finibus neque risus non felis. Nullam quis egestas leo, a convallis eros. Pellentesque lacinia cursus sem, sed laoreet nisl tristique in.\r\n\r\nSed gravida laoreet nulla vitae condimentum. Morbi ornare lorem id ultricies elementum. Phasellus justo neque, porttitor non libero eget, posuere condimentum eros. Proin nec commodo lectus. Sed in leo eget odio scelerisque maximus. Sed efficitur pretium aliquet. Donec semper odio condimentum ante malesuada luctus. Morbi quam diam, euismod eu est et, porttitor posuere nunc. Nullam dapibus mauris et ligula iaculis, a placerat mi maximus. Donec bibendum risus at mauris euismod, vitae congue dui tincidunt.\r\n\r\nUt sed viverra mauris. Quisque euismod vestibulum purus non feugiat. Donec at ante at urna scelerisque gravida sed eu nunc. Maecenas sed arcu interdum, pulvinar dui et, consequat odio. Nulla a nulla commodo, fringilla odio in, faucibus tortor. Morbi condimentum ullamcorper semper. Donec consequat mauris sapien, nec porttitor velit efficitur fringilla. Suspendisse pulvinar sit amet purus nec semper. Nam fringilla aliquet ligula efficitur scelerisque. Nullam sit amet tortor eros. Vestibulum molestie odio eget orci tristique convallis. Maecenas tincidunt diam eget ipsum gravida, eu facilisis nisl dictum. In dictum sed erat a laoreet. Quisque finibus in turpis vitae egestas. Pellentesque eleifend bibendum egestas. Donec quis bibendum dolor, vitae egestas odio. </p>', 'thuong-tet-3.jpg', 0, 0, 1, NULL, NULL),
(7, 'Mức sinh hoạt phí tối đa cho lưu học sinh là 1.200 USD ', 'Muc-Sinh-Hoat-Phi-Toi-Da-Cho-Luu-Hoc-Sinh-La-1.200-Usd', 'Đối với lưu học sinh tại Ba Lan, Bungary, Nga..., mức sinh hoạt phí sẽ tăng từ 400 USD lên 480 USD; tại Australia, New Zealand tăng từ 860 USD lên 1.032 USD và tại Mỹ, Canada, Anh, Nhật Bản tăng từ 1.000 lên 1.200 USD một người một tháng... ', '<p>Lorem ipsum dolor sit amet, consectetur adipiscing elit. Mauris suscipit ullamcorper turpis scelerisque ullamcorper. Aliquam interdum mi in ipsum tristique, at dignissim dui viverra. Maecenas eleifend tristique magna non faucibus. Aliquam erat volutpat. Aenean et metus ipsum. Nulla pulvinar, ante quis semper aliquam, lacus arcu tincidunt metus, sed auctor velit nulla sit amet risus. Maecenas elit est, rutrum malesuada semper ut, molestie quis dui. Vivamus rhoncus, leo placerat aliquam tincidunt, sem risus dictum sem, sed tincidunt odio est non orci. Vivamus facilisis lectus sed augue euismod, a malesuada neque pellentesque. Aenean tristique leo nisl, nec auctor sapien fermentum quis. Etiam ligula ligula, facilisis quis tellus id, finibus dictum massa. Pellentesque feugiat congue aliquet. Ut quis lacus et risus mollis finibus ac id ante.\r\n\r\nEtiam ut turpis pulvinar, ullamcorper augue at, venenatis leo. Proin sed urna mauris. Nam porta tellus est, nec viverra sapien blandit quis. Quisque rhoncus quis urna vel pharetra. Cras id dui eget nisi convallis congue et ut nibh. Vestibulum quis turpis tempor, vestibulum justo et, varius ipsum. Duis tristique facilisis nunc ut venenatis. Praesent euismod est quis dolor facilisis, eu imperdiet mi dignissim. Suspendisse id iaculis libero. Aliquam sed velit dolor.\r\n\r\nVestibulum semper et justo a sodales. Etiam in pulvinar dui, vitae faucibus metus. Pellentesque non sapien vel massa fermentum varius lacinia id risus. Quisque vitae orci nec tortor vestibulum viverra. Mauris at fermentum erat. Curabitur facilisis, lacus vel bibendum convallis, libero nisi egestas mi, ut finibus neque risus non felis. Nullam quis egestas leo, a convallis eros. Pellentesque lacinia cursus sem, sed laoreet nisl tristique in.\r\n\r\nSed gravida laoreet nulla vitae condimentum. Morbi ornare lorem id ultricies elementum. Phasellus justo neque, porttitor non libero eget, posuere condimentum eros. Proin nec commodo lectus. Sed in leo eget odio scelerisque maximus. Sed efficitur pretium aliquet. Donec semper odio condimentum ante malesuada luctus. Morbi quam diam, euismod eu est et, porttitor posuere nunc. Nullam dapibus mauris et ligula iaculis, a placerat mi maximus. Donec bibendum risus at mauris euismod, vitae congue dui tincidunt.\r\n\r\nUt sed viverra mauris. Quisque euismod vestibulum purus non feugiat. Donec at ante at urna scelerisque gravida sed eu nunc. Maecenas sed arcu interdum, pulvinar dui et, consequat odio. Nulla a nulla commodo, fringilla odio in, faucibus tortor. Morbi condimentum ullamcorper semper. Donec consequat mauris sapien, nec porttitor velit efficitur fringilla. Suspendisse pulvinar sit amet purus nec semper. Nam fringilla aliquet ligula efficitur scelerisque. Nullam sit amet tortor eros. Vestibulum molestie odio eget orci tristique convallis. Maecenas tincidunt diam eget ipsum gravida, eu facilisis nisl dictum. In dictum sed erat a laoreet. Quisque finibus in turpis vitae egestas. Pellentesque eleifend bibendum egestas. Donec quis bibendum dolor, vitae egestas odio. </p>', 'du_hoc_sinh_set_sub.jpg', 1, 0, 7, NULL, NULL),
(8, 'Học sinh Hà Nội được nghỉ 11 ngày Tết ', 'Hoc-Sinh-Ha-Noi-Duoc-Nghi-11-Ngay-Tet', 'UBND thành phố Hà Nội vừa đồng ý với đề xuất của Sở Giáo dục và Đào tạo về việc cho học sinh nghỉ tết Tết Nguyên đán Tân Mão 11 ngày. ', '<p>Lorem ipsum dolor sit amet, consectetur adipiscing elit. Mauris suscipit ullamcorper turpis scelerisque ullamcorper. Aliquam interdum mi in ipsum tristique, at dignissim dui viverra. Maecenas eleifend tristique magna non faucibus. Aliquam erat volutpat. Aenean et metus ipsum. Nulla pulvinar, ante quis semper aliquam, lacus arcu tincidunt metus, sed auctor velit nulla sit amet risus. Maecenas elit est, rutrum malesuada semper ut, molestie quis dui. Vivamus rhoncus, leo placerat aliquam tincidunt, sem risus dictum sem, sed tincidunt odio est non orci. Vivamus facilisis lectus sed augue euismod, a malesuada neque pellentesque. Aenean tristique leo nisl, nec auctor sapien fermentum quis. Etiam ligula ligula, facilisis quis tellus id, finibus dictum massa. Pellentesque feugiat congue aliquet. Ut quis lacus et risus mollis finibus ac id ante.\r\n\r\nEtiam ut turpis pulvinar, ullamcorper augue at, venenatis leo. Proin sed urna mauris. Nam porta tellus est, nec viverra sapien blandit quis. Quisque rhoncus quis urna vel pharetra. Cras id dui eget nisi convallis congue et ut nibh. Vestibulum quis turpis tempor, vestibulum justo et, varius ipsum. Duis tristique facilisis nunc ut venenatis. Praesent euismod est quis dolor facilisis, eu imperdiet mi dignissim. Suspendisse id iaculis libero. Aliquam sed velit dolor.\r\n\r\nVestibulum semper et justo a sodales. Etiam in pulvinar dui, vitae faucibus metus. Pellentesque non sapien vel massa fermentum varius lacinia id risus. Quisque vitae orci nec tortor vestibulum viverra. Mauris at fermentum erat. Curabitur facilisis, lacus vel bibendum convallis, libero nisi egestas mi, ut finibus neque risus non felis. Nullam quis egestas leo, a convallis eros. Pellentesque lacinia cursus sem, sed laoreet nisl tristique in.\r\n\r\nSed gravida laoreet nulla vitae condimentum. Morbi ornare lorem id ultricies elementum. Phasellus justo neque, porttitor non libero eget, posuere condimentum eros. Proin nec commodo lectus. Sed in leo eget odio scelerisque maximus. Sed efficitur pretium aliquet. Donec semper odio condimentum ante malesuada luctus. Morbi quam diam, euismod eu est et, porttitor posuere nunc. Nullam dapibus mauris et ligula iaculis, a placerat mi maximus. Donec bibendum risus at mauris euismod, vitae congue dui tincidunt.\r\n\r\nUt sed viverra mauris. Quisque euismod vestibulum purus non feugiat. Donec at ante at urna scelerisque gravida sed eu nunc. Maecenas sed arcu interdum, pulvinar dui et, consequat odio. Nulla a nulla commodo, fringilla odio in, faucibus tortor. Morbi condimentum ullamcorper semper. Donec consequat mauris sapien, nec porttitor velit efficitur fringilla. Suspendisse pulvinar sit amet purus nec semper. Nam fringilla aliquet ligula efficitur scelerisque. Nullam sit amet tortor eros. Vestibulum molestie odio eget orci tristique convallis. Maecenas tincidunt diam eget ipsum gravida, eu facilisis nisl dictum. In dictum sed erat a laoreet. Quisque finibus in turpis vitae egestas. Pellentesque eleifend bibendum egestas. Donec quis bibendum dolor, vitae egestas odio. </p>', 't2.jpg', 1, 0, 8, NULL, NULL),
(9, 'Hàng trăm nghìn học sinh nghỉ học vì giá rét ', 'Hang-Tram-Nghin-Hoc-Sinh-Nghi-Hoc-Vi-Gia-Ret', 'Sớm nay, các trường tiểu học ở Hà Nội đều trưng biển thông báo nghỉ học do nhiệt độ ở mức 8 độ C. Một vài phụ huynh không theo dõi dự báo thời tiết vẫn đưa con đến trường và ngậm ngùi quay xe ra về. ', '<p>Lorem ipsum dolor sit amet, consectetur adipiscing elit. Mauris suscipit ullamcorper turpis scelerisque ullamcorper. Aliquam interdum mi in ipsum tristique, at dignissim dui viverra. Maecenas eleifend tristique magna non faucibus. Aliquam erat volutpat. Aenean et metus ipsum. Nulla pulvinar, ante quis semper aliquam, lacus arcu tincidunt metus, sed auctor velit nulla sit amet risus. Maecenas elit est, rutrum malesuada semper ut, molestie quis dui. Vivamus rhoncus, leo placerat aliquam tincidunt, sem risus dictum sem, sed tincidunt odio est non orci. Vivamus facilisis lectus sed augue euismod, a malesuada neque pellentesque. Aenean tristique leo nisl, nec auctor sapien fermentum quis. Etiam ligula ligula, facilisis quis tellus id, finibus dictum massa. Pellentesque feugiat congue aliquet. Ut quis lacus et risus mollis finibus ac id ante.\r\n\r\nEtiam ut turpis pulvinar, ullamcorper augue at, venenatis leo. Proin sed urna mauris. Nam porta tellus est, nec viverra sapien blandit quis. Quisque rhoncus quis urna vel pharetra. Cras id dui eget nisi convallis congue et ut nibh. Vestibulum quis turpis tempor, vestibulum justo et, varius ipsum. Duis tristique facilisis nunc ut venenatis. Praesent euismod est quis dolor facilisis, eu imperdiet mi dignissim. Suspendisse id iaculis libero. Aliquam sed velit dolor.\r\n\r\nVestibulum semper et justo a sodales. Etiam in pulvinar dui, vitae faucibus metus. Pellentesque non sapien vel massa fermentum varius lacinia id risus. Quisque vitae orci nec tortor vestibulum viverra. Mauris at fermentum erat. Curabitur facilisis, lacus vel bibendum convallis, libero nisi egestas mi, ut finibus neque risus non felis. Nullam quis egestas leo, a convallis eros. Pellentesque lacinia cursus sem, sed laoreet nisl tristique in.\r\n\r\nSed gravida laoreet nulla vitae condimentum. Morbi ornare lorem id ultricies elementum. Phasellus justo neque, porttitor non libero eget, posuere condimentum eros. Proin nec commodo lectus. Sed in leo eget odio scelerisque maximus. Sed efficitur pretium aliquet. Donec semper odio condimentum ante malesuada luctus. Morbi quam diam, euismod eu est et, porttitor posuere nunc. Nullam dapibus mauris et ligula iaculis, a placerat mi maximus. Donec bibendum risus at mauris euismod, vitae congue dui tincidunt.\r\n\r\nUt sed viverra mauris. Quisque euismod vestibulum purus non feugiat. Donec at ante at urna scelerisque gravida sed eu nunc. Maecenas sed arcu interdum, pulvinar dui et, consequat odio. Nulla a nulla commodo, fringilla odio in, faucibus tortor. Morbi condimentum ullamcorper semper. Donec consequat mauris sapien, nec porttitor velit efficitur fringilla. Suspendisse pulvinar sit amet purus nec semper. Nam fringilla aliquet ligula efficitur scelerisque. Nullam sit amet tortor eros. Vestibulum molestie odio eget orci tristique convallis. Maecenas tincidunt diam eget ipsum gravida, eu facilisis nisl dictum. In dictum sed erat a laoreet. Quisque finibus in turpis vitae egestas. Pellentesque eleifend bibendum egestas. Donec quis bibendum dolor, vitae egestas odio. </p>', 'phu_huynh_xem_lich_nghi_hoc_set_sub.jpg', 1, 0, 1, NULL, NULL),
(10, 'Phương pháp Mathnasium giúp trẻ yêu thích môn toán ', 'Phuong-Phap-Mathnasium-Giup-Tre-Yeu-Thich-Mon-Toan', 'Phương pháp dạy toán Mathnasium với 5 kỹ thuật giảng dạy bổ sung nhau, giúp trẻ em tiếp thu kiến thức toán hiệu quả, không cảm thấy áp lực và nhàm chán. ', '<p>Lorem ipsum dolor sit amet, consectetur adipiscing elit. Mauris suscipit ullamcorper turpis scelerisque ullamcorper. Aliquam interdum mi in ipsum tristique, at dignissim dui viverra. Maecenas eleifend tristique magna non faucibus. Aliquam erat volutpat. Aenean et metus ipsum. Nulla pulvinar, ante quis semper aliquam, lacus arcu tincidunt metus, sed auctor velit nulla sit amet risus. Maecenas elit est, rutrum malesuada semper ut, molestie quis dui. Vivamus rhoncus, leo placerat aliquam tincidunt, sem risus dictum sem, sed tincidunt odio est non orci. Vivamus facilisis lectus sed augue euismod, a malesuada neque pellentesque. Aenean tristique leo nisl, nec auctor sapien fermentum quis. Etiam ligula ligula, facilisis quis tellus id, finibus dictum massa. Pellentesque feugiat congue aliquet. Ut quis lacus et risus mollis finibus ac id ante.\r\n\r\nEtiam ut turpis pulvinar, ullamcorper augue at, venenatis leo. Proin sed urna mauris. Nam porta tellus est, nec viverra sapien blandit quis. Quisque rhoncus quis urna vel pharetra. Cras id dui eget nisi convallis congue et ut nibh. Vestibulum quis turpis tempor, vestibulum justo et, varius ipsum. Duis tristique facilisis nunc ut venenatis. Praesent euismod est quis dolor facilisis, eu imperdiet mi dignissim. Suspendisse id iaculis libero. Aliquam sed velit dolor.\r\n\r\nVestibulum semper et justo a sodales. Etiam in pulvinar dui, vitae faucibus metus. Pellentesque non sapien vel massa fermentum varius lacinia id risus. Quisque vitae orci nec tortor vestibulum viverra. Mauris at fermentum erat. Curabitur facilisis, lacus vel bibendum convallis, libero nisi egestas mi, ut finibus neque risus non felis. Nullam quis egestas leo, a convallis eros. Pellentesque lacinia cursus sem, sed laoreet nisl tristique in.\r\n\r\nSed gravida laoreet nulla vitae condimentum. Morbi ornare lorem id ultricies elementum. Phasellus justo neque, porttitor non libero eget, posuere condimentum eros. Proin nec commodo lectus. Sed in leo eget odio scelerisque maximus. Sed efficitur pretium aliquet. Donec semper odio condimentum ante malesuada luctus. Morbi quam diam, euismod eu est et, porttitor posuere nunc. Nullam dapibus mauris et ligula iaculis, a placerat mi maximus. Donec bibendum risus at mauris euismod, vitae congue dui tincidunt.\r\n\r\nUt sed viverra mauris. Quisque euismod vestibulum purus non feugiat. Donec at ante at urna scelerisque gravida sed eu nunc. Maecenas sed arcu interdum, pulvinar dui et, consequat odio. Nulla a nulla commodo, fringilla odio in, faucibus tortor. Morbi condimentum ullamcorper semper. Donec consequat mauris sapien, nec porttitor velit efficitur fringilla. Suspendisse pulvinar sit amet purus nec semper. Nam fringilla aliquet ligula efficitur scelerisque. Nullam sit amet tortor eros. Vestibulum molestie odio eget orci tristique convallis. Maecenas tincidunt diam eget ipsum gravida, eu facilisis nisl dictum. In dictum sed erat a laoreet. Quisque finibus in turpis vitae egestas. Pellentesque eleifend bibendum egestas. Donec quis bibendum dolor, vitae egestas odio. </p>', 'hinh_250x195[1]_JPG_thumb210x0_ns.jpg', 1, 0, 4, NULL, NULL),
(11, 'Những nụ hôn ngọt ngào trong đêm tình nhân ', 'Nhung-Nu-Hon-Ngot-Ngao-Trong-Dem-Tinh-Nhan', 'Tối 13/2, hàng nghìn bạn trẻ có mặt tại cầu Ánh Sao (quận 7, TP HCM) chứng kiến những lời tỏ tình cùng những nụ hôn ngọt ngào của 100 cặp tình nhân trong \"Đêm Valentine thế kỷ\". ', '<p>Lorem ipsum dolor sit amet, consectetur adipiscing elit. Mauris suscipit ullamcorper turpis scelerisque ullamcorper. Aliquam interdum mi in ipsum tristique, at dignissim dui viverra. Maecenas eleifend tristique magna non faucibus. Aliquam erat volutpat. Aenean et metus ipsum. Nulla pulvinar, ante quis semper aliquam, lacus arcu tincidunt metus, sed auctor velit nulla sit amet risus. Maecenas elit est, rutrum malesuada semper ut, molestie quis dui. Vivamus rhoncus, leo placerat aliquam tincidunt, sem risus dictum sem, sed tincidunt odio est non orci. Vivamus facilisis lectus sed augue euismod, a malesuada neque pellentesque. Aenean tristique leo nisl, nec auctor sapien fermentum quis. Etiam ligula ligula, facilisis quis tellus id, finibus dictum massa. Pellentesque feugiat congue aliquet. Ut quis lacus et risus mollis finibus ac id ante.\r\n\r\nEtiam ut turpis pulvinar, ullamcorper augue at, venenatis leo. Proin sed urna mauris. Nam porta tellus est, nec viverra sapien blandit quis. Quisque rhoncus quis urna vel pharetra. Cras id dui eget nisi convallis congue et ut nibh. Vestibulum quis turpis tempor, vestibulum justo et, varius ipsum. Duis tristique facilisis nunc ut venenatis. Praesent euismod est quis dolor facilisis, eu imperdiet mi dignissim. Suspendisse id iaculis libero. Aliquam sed velit dolor.\r\n\r\nVestibulum semper et justo a sodales. Etiam in pulvinar dui, vitae faucibus metus. Pellentesque non sapien vel massa fermentum varius lacinia id risus. Quisque vitae orci nec tortor vestibulum viverra. Mauris at fermentum erat. Curabitur facilisis, lacus vel bibendum convallis, libero nisi egestas mi, ut finibus neque risus non felis. Nullam quis egestas leo, a convallis eros. Pellentesque lacinia cursus sem, sed laoreet nisl tristique in.\r\n\r\nSed gravida laoreet nulla vitae condimentum. Morbi ornare lorem id ultricies elementum. Phasellus justo neque, porttitor non libero eget, posuere condimentum eros. Proin nec commodo lectus. Sed in leo eget odio scelerisque maximus. Sed efficitur pretium aliquet. Donec semper odio condimentum ante malesuada luctus. Morbi quam diam, euismod eu est et, porttitor posuere nunc. Nullam dapibus mauris et ligula iaculis, a placerat mi maximus. Donec bibendum risus at mauris euismod, vitae congue dui tincidunt.\r\n\r\nUt sed viverra mauris. Quisque euismod vestibulum purus non feugiat. Donec at ante at urna scelerisque gravida sed eu nunc. Maecenas sed arcu interdum, pulvinar dui et, consequat odio. Nulla a nulla commodo, fringilla odio in, faucibus tortor. Morbi condimentum ullamcorper semper. Donec consequat mauris sapien, nec porttitor velit efficitur fringilla. Suspendisse pulvinar sit amet purus nec semper. Nam fringilla aliquet ligula efficitur scelerisque. Nullam sit amet tortor eros. Vestibulum molestie odio eget orci tristique convallis. Maecenas tincidunt diam eget ipsum gravida, eu facilisis nisl dictum. In dictum sed erat a laoreet. Quisque finibus in turpis vitae egestas. Pellentesque eleifend bibendum egestas. Donec quis bibendum dolor, vitae egestas odio. </p>', '250h_jpg_thumb210x0_ns.jpg', 1, 0, 3, NULL, NULL),
(12, 'Hot girl tâm sự về ngày Valentine ', 'Hot-Girl-Tam-Su-Ve-Ngay-Valentine', 'Một bông hồng trắng bằng khăn giấy, chiếc xe đạp gắn đầy hoa, hay bài thơ của chàng \"thi sĩ\" vô danh gửi tặng… là những món quà đầy ấn tượng mà hot girl Midu từng nhận được trong các mùa Valentine. ', '<p>Lorem ipsum dolor sit amet, consectetur adipiscing elit. Mauris suscipit ullamcorper turpis scelerisque ullamcorper. Aliquam interdum mi in ipsum tristique, at dignissim dui viverra. Maecenas eleifend tristique magna non faucibus. Aliquam erat volutpat. Aenean et metus ipsum. Nulla pulvinar, ante quis semper aliquam, lacus arcu tincidunt metus, sed auctor velit nulla sit amet risus. Maecenas elit est, rutrum malesuada semper ut, molestie quis dui. Vivamus rhoncus, leo placerat aliquam tincidunt, sem risus dictum sem, sed tincidunt odio est non orci. Vivamus facilisis lectus sed augue euismod, a malesuada neque pellentesque. Aenean tristique leo nisl, nec auctor sapien fermentum quis. Etiam ligula ligula, facilisis quis tellus id, finibus dictum massa. Pellentesque feugiat congue aliquet. Ut quis lacus et risus mollis finibus ac id ante.\r\n\r\nEtiam ut turpis pulvinar, ullamcorper augue at, venenatis leo. Proin sed urna mauris. Nam porta tellus est, nec viverra sapien blandit quis. Quisque rhoncus quis urna vel pharetra. Cras id dui eget nisi convallis congue et ut nibh. Vestibulum quis turpis tempor, vestibulum justo et, varius ipsum. Duis tristique facilisis nunc ut venenatis. Praesent euismod est quis dolor facilisis, eu imperdiet mi dignissim. Suspendisse id iaculis libero. Aliquam sed velit dolor.\r\n\r\nVestibulum semper et justo a sodales. Etiam in pulvinar dui, vitae faucibus metus. Pellentesque non sapien vel massa fermentum varius lacinia id risus. Quisque vitae orci nec tortor vestibulum viverra. Mauris at fermentum erat. Curabitur facilisis, lacus vel bibendum convallis, libero nisi egestas mi, ut finibus neque risus non felis. Nullam quis egestas leo, a convallis eros. Pellentesque lacinia cursus sem, sed laoreet nisl tristique in.\r\n\r\nSed gravida laoreet nulla vitae condimentum. Morbi ornare lorem id ultricies elementum. Phasellus justo neque, porttitor non libero eget, posuere condimentum eros. Proin nec commodo lectus. Sed in leo eget odio scelerisque maximus. Sed efficitur pretium aliquet. Donec semper odio condimentum ante malesuada luctus. Morbi quam diam, euismod eu est et, porttitor posuere nunc. Nullam dapibus mauris et ligula iaculis, a placerat mi maximus. Donec bibendum risus at mauris euismod, vitae congue dui tincidunt.\r\n\r\nUt sed viverra mauris. Quisque euismod vestibulum purus non feugiat. Donec at ante at urna scelerisque gravida sed eu nunc. Maecenas sed arcu interdum, pulvinar dui et, consequat odio. Nulla a nulla commodo, fringilla odio in, faucibus tortor. Morbi condimentum ullamcorper semper. Donec consequat mauris sapien, nec porttitor velit efficitur fringilla. Suspendisse pulvinar sit amet purus nec semper. Nam fringilla aliquet ligula efficitur scelerisque. Nullam sit amet tortor eros. Vestibulum molestie odio eget orci tristique convallis. Maecenas tincidunt diam eget ipsum gravida, eu facilisis nisl dictum. In dictum sed erat a laoreet. Quisque finibus in turpis vitae egestas. Pellentesque eleifend bibendum egestas. Donec quis bibendum dolor, vitae egestas odio. </p>', 'hot-girl-valentine-2.jpg', 1, 0, 6, NULL, NULL),
(13, 'Nên duyên chồng vợ từ mạng mai mối ', 'Nen-Duyen-Chong-Vo-Tu-Mang-Mai-Moi', 'Quen nhau qua trang web kết bạn, để chiếm được tình cảm của cô nàng cao tới 1,71 m, chàng trai cao 1,58 m kiên trì tỏ tình tới 10 lần và hạnh phúc đã mỉm cười với họ. ', '<p>Lorem ipsum dolor sit amet, consectetur adipiscing elit. Mauris suscipit ullamcorper turpis scelerisque ullamcorper. Aliquam interdum mi in ipsum tristique, at dignissim dui viverra. Maecenas eleifend tristique magna non faucibus. Aliquam erat volutpat. Aenean et metus ipsum. Nulla pulvinar, ante quis semper aliquam, lacus arcu tincidunt metus, sed auctor velit nulla sit amet risus. Maecenas elit est, rutrum malesuada semper ut, molestie quis dui. Vivamus rhoncus, leo placerat aliquam tincidunt, sem risus dictum sem, sed tincidunt odio est non orci. Vivamus facilisis lectus sed augue euismod, a malesuada neque pellentesque. Aenean tristique leo nisl, nec auctor sapien fermentum quis. Etiam ligula ligula, facilisis quis tellus id, finibus dictum massa. Pellentesque feugiat congue aliquet. Ut quis lacus et risus mollis finibus ac id ante.\r\n\r\nEtiam ut turpis pulvinar, ullamcorper augue at, venenatis leo. Proin sed urna mauris. Nam porta tellus est, nec viverra sapien blandit quis. Quisque rhoncus quis urna vel pharetra. Cras id dui eget nisi convallis congue et ut nibh. Vestibulum quis turpis tempor, vestibulum justo et, varius ipsum. Duis tristique facilisis nunc ut venenatis. Praesent euismod est quis dolor facilisis, eu imperdiet mi dignissim. Suspendisse id iaculis libero. Aliquam sed velit dolor.\r\n\r\nVestibulum semper et justo a sodales. Etiam in pulvinar dui, vitae faucibus metus. Pellentesque non sapien vel massa fermentum varius lacinia id risus. Quisque vitae orci nec tortor vestibulum viverra. Mauris at fermentum erat. Curabitur facilisis, lacus vel bibendum convallis, libero nisi egestas mi, ut finibus neque risus non felis. Nullam quis egestas leo, a convallis eros. Pellentesque lacinia cursus sem, sed laoreet nisl tristique in.\r\n\r\nSed gravida laoreet nulla vitae condimentum. Morbi ornare lorem id ultricies elementum. Phasellus justo neque, porttitor non libero eget, posuere condimentum eros. Proin nec commodo lectus. Sed in leo eget odio scelerisque maximus. Sed efficitur pretium aliquet. Donec semper odio condimentum ante malesuada luctus. Morbi quam diam, euismod eu est et, porttitor posuere nunc. Nullam dapibus mauris et ligula iaculis, a placerat mi maximus. Donec bibendum risus at mauris euismod, vitae congue dui tincidunt.\r\n\r\nUt sed viverra mauris. Quisque euismod vestibulum purus non feugiat. Donec at ante at urna scelerisque gravida sed eu nunc. Maecenas sed arcu interdum, pulvinar dui et, consequat odio. Nulla a nulla commodo, fringilla odio in, faucibus tortor. Morbi condimentum ullamcorper semper. Donec consequat mauris sapien, nec porttitor velit efficitur fringilla. Suspendisse pulvinar sit amet purus nec semper. Nam fringilla aliquet ligula efficitur scelerisque. Nullam sit amet tortor eros. Vestibulum molestie odio eget orci tristique convallis. Maecenas tincidunt diam eget ipsum gravida, eu facilisis nisl dictum. In dictum sed erat a laoreet. Quisque finibus in turpis vitae egestas. Pellentesque eleifend bibendum egestas. Donec quis bibendum dolor, vitae egestas odio. </p>', 'cap_doi_hoan_hao_set_sub.jpg', 1, 0, 2, NULL, NULL),
(14, 'Những món quà Valentine làm từ tình yêu ', 'Nhung-Mon-Qua-Valentine-Lam-Tu-Tinh-Yeu', 'Cặm cụi cả tuần để thêu móc chìa khóa bằng len tặng người yêu, làm tranh bằng chính những hạt đỗ \"kỷ niệm ngày quen nhau\" của hai đứa là cách mà giới trẻ đang làm để tặng người yêu dịp lễ Valentine. ', '<p>Lorem ipsum dolor sit amet, consectetur adipiscing elit. Mauris suscipit ullamcorper turpis scelerisque ullamcorper. Aliquam interdum mi in ipsum tristique, at dignissim dui viverra. Maecenas eleifend tristique magna non faucibus. Aliquam erat volutpat. Aenean et metus ipsum. Nulla pulvinar, ante quis semper aliquam, lacus arcu tincidunt metus, sed auctor velit nulla sit amet risus. Maecenas elit est, rutrum malesuada semper ut, molestie quis dui. Vivamus rhoncus, leo placerat aliquam tincidunt, sem risus dictum sem, sed tincidunt odio est non orci. Vivamus facilisis lectus sed augue euismod, a malesuada neque pellentesque. Aenean tristique leo nisl, nec auctor sapien fermentum quis. Etiam ligula ligula, facilisis quis tellus id, finibus dictum massa. Pellentesque feugiat congue aliquet. Ut quis lacus et risus mollis finibus ac id ante.\r\n\r\nEtiam ut turpis pulvinar, ullamcorper augue at, venenatis leo. Proin sed urna mauris. Nam porta tellus est, nec viverra sapien blandit quis. Quisque rhoncus quis urna vel pharetra. Cras id dui eget nisi convallis congue et ut nibh. Vestibulum quis turpis tempor, vestibulum justo et, varius ipsum. Duis tristique facilisis nunc ut venenatis. Praesent euismod est quis dolor facilisis, eu imperdiet mi dignissim. Suspendisse id iaculis libero. Aliquam sed velit dolor.\r\n\r\nVestibulum semper et justo a sodales. Etiam in pulvinar dui, vitae faucibus metus. Pellentesque non sapien vel massa fermentum varius lacinia id risus. Quisque vitae orci nec tortor vestibulum viverra. Mauris at fermentum erat. Curabitur facilisis, lacus vel bibendum convallis, libero nisi egestas mi, ut finibus neque risus non felis. Nullam quis egestas leo, a convallis eros. Pellentesque lacinia cursus sem, sed laoreet nisl tristique in.\r\n\r\nSed gravida laoreet nulla vitae condimentum. Morbi ornare lorem id ultricies elementum. Phasellus justo neque, porttitor non libero eget, posuere condimentum eros. Proin nec commodo lectus. Sed in leo eget odio scelerisque maximus. Sed efficitur pretium aliquet. Donec semper odio condimentum ante malesuada luctus. Morbi quam diam, euismod eu est et, porttitor posuere nunc. Nullam dapibus mauris et ligula iaculis, a placerat mi maximus. Donec bibendum risus at mauris euismod, vitae congue dui tincidunt.\r\n\r\nUt sed viverra mauris. Quisque euismod vestibulum purus non feugiat. Donec at ante at urna scelerisque gravida sed eu nunc. Maecenas sed arcu interdum, pulvinar dui et, consequat odio. Nulla a nulla commodo, fringilla odio in, faucibus tortor. Morbi condimentum ullamcorper semper. Donec consequat mauris sapien, nec porttitor velit efficitur fringilla. Suspendisse pulvinar sit amet purus nec semper. Nam fringilla aliquet ligula efficitur scelerisque. Nullam sit amet tortor eros. Vestibulum molestie odio eget orci tristique convallis. Maecenas tincidunt diam eget ipsum gravida, eu facilisis nisl dictum. In dictum sed erat a laoreet. Quisque finibus in turpis vitae egestas. Pellentesque eleifend bibendum egestas. Donec quis bibendum dolor, vitae egestas odio. </p>', 'socola_set_sub.jpg', 1, 0, 3, NULL, NULL);
INSERT INTO `tintuc` (`id`, `TieuDe`, `TieuDeKhongDau`, `TomTat`, `NoiDung`, `Hinh`, `NoiBat`, `SoLuotXem`, `idTheLoai`, `created_at`, `updated_at`) VALUES
(15, '100 cặp tình nhân hôn nhau trên khinh khí cầu ', '100-Cap-Tinh-Nhan-Hon-Nhau-Tren-Khinh-Khi-Cau', '100 cặp tình nhân sẽ trao nhau nụ hôn trên khinh khí cầu và được tặng một bó hoa với 999 nụ hồng xanh, nhận \"lời cầu hôn của thần Cupid\"... trong lễ hội Valentine sẽ được tổ chức tại cầu Ánh Sao (quận 7, TP HCM) tối 13/2. ', '<p>Lorem ipsum dolor sit amet, consectetur adipiscing elit. Mauris suscipit ullamcorper turpis scelerisque ullamcorper. Aliquam interdum mi in ipsum tristique, at dignissim dui viverra. Maecenas eleifend tristique magna non faucibus. Aliquam erat volutpat. Aenean et metus ipsum. Nulla pulvinar, ante quis semper aliquam, lacus arcu tincidunt metus, sed auctor velit nulla sit amet risus. Maecenas elit est, rutrum malesuada semper ut, molestie quis dui. Vivamus rhoncus, leo placerat aliquam tincidunt, sem risus dictum sem, sed tincidunt odio est non orci. Vivamus facilisis lectus sed augue euismod, a malesuada neque pellentesque. Aenean tristique leo nisl, nec auctor sapien fermentum quis. Etiam ligula ligula, facilisis quis tellus id, finibus dictum massa. Pellentesque feugiat congue aliquet. Ut quis lacus et risus mollis finibus ac id ante.\r\n\r\nEtiam ut turpis pulvinar, ullamcorper augue at, venenatis leo. Proin sed urna mauris. Nam porta tellus est, nec viverra sapien blandit quis. Quisque rhoncus quis urna vel pharetra. Cras id dui eget nisi convallis congue et ut nibh. Vestibulum quis turpis tempor, vestibulum justo et, varius ipsum. Duis tristique facilisis nunc ut venenatis. Praesent euismod est quis dolor facilisis, eu imperdiet mi dignissim. Suspendisse id iaculis libero. Aliquam sed velit dolor.\r\n\r\nVestibulum semper et justo a sodales. Etiam in pulvinar dui, vitae faucibus metus. Pellentesque non sapien vel massa fermentum varius lacinia id risus. Quisque vitae orci nec tortor vestibulum viverra. Mauris at fermentum erat. Curabitur facilisis, lacus vel bibendum convallis, libero nisi egestas mi, ut finibus neque risus non felis. Nullam quis egestas leo, a convallis eros. Pellentesque lacinia cursus sem, sed laoreet nisl tristique in.\r\n\r\nSed gravida laoreet nulla vitae condimentum. Morbi ornare lorem id ultricies elementum. Phasellus justo neque, porttitor non libero eget, posuere condimentum eros. Proin nec commodo lectus. Sed in leo eget odio scelerisque maximus. Sed efficitur pretium aliquet. Donec semper odio condimentum ante malesuada luctus. Morbi quam diam, euismod eu est et, porttitor posuere nunc. Nullam dapibus mauris et ligula iaculis, a placerat mi maximus. Donec bibendum risus at mauris euismod, vitae congue dui tincidunt.\r\n\r\nUt sed viverra mauris. Quisque euismod vestibulum purus non feugiat. Donec at ante at urna scelerisque gravida sed eu nunc. Maecenas sed arcu interdum, pulvinar dui et, consequat odio. Nulla a nulla commodo, fringilla odio in, faucibus tortor. Morbi condimentum ullamcorper semper. Donec consequat mauris sapien, nec porttitor velit efficitur fringilla. Suspendisse pulvinar sit amet purus nec semper. Nam fringilla aliquet ligula efficitur scelerisque. Nullam sit amet tortor eros. Vestibulum molestie odio eget orci tristique convallis. Maecenas tincidunt diam eget ipsum gravida, eu facilisis nisl dictum. In dictum sed erat a laoreet. Quisque finibus in turpis vitae egestas. Pellentesque eleifend bibendum egestas. Donec quis bibendum dolor, vitae egestas odio. </p>', 'valentine22.jpg', 1, 0, 2, NULL, NULL),
(16, 'Nhà thám hiểm 9 tuổi đặt chân tới Nam Cực ', 'Nha-Tham-Hiem-9-Tuoi-Dat-Chan-Toi-Nam-Cuc', 'Vượt qua hành trình dài nhiều ngày, Phạm Vũ Thiều Quang, cậu bé 9 tuổi đã cùng bố đặt chân tới Nam Cực vào chiều mùng 1 Tết. Cậu bé đã trở thành người châu Á trẻ tuổi nhất đặt chân tới vùng đất này. ', '<p>Lorem ipsum dolor sit amet, consectetur adipiscing elit. Mauris suscipit ullamcorper turpis scelerisque ullamcorper. Aliquam interdum mi in ipsum tristique, at dignissim dui viverra. Maecenas eleifend tristique magna non faucibus. Aliquam erat volutpat. Aenean et metus ipsum. Nulla pulvinar, ante quis semper aliquam, lacus arcu tincidunt metus, sed auctor velit nulla sit amet risus. Maecenas elit est, rutrum malesuada semper ut, molestie quis dui. Vivamus rhoncus, leo placerat aliquam tincidunt, sem risus dictum sem, sed tincidunt odio est non orci. Vivamus facilisis lectus sed augue euismod, a malesuada neque pellentesque. Aenean tristique leo nisl, nec auctor sapien fermentum quis. Etiam ligula ligula, facilisis quis tellus id, finibus dictum massa. Pellentesque feugiat congue aliquet. Ut quis lacus et risus mollis finibus ac id ante.\r\n\r\nEtiam ut turpis pulvinar, ullamcorper augue at, venenatis leo. Proin sed urna mauris. Nam porta tellus est, nec viverra sapien blandit quis. Quisque rhoncus quis urna vel pharetra. Cras id dui eget nisi convallis congue et ut nibh. Vestibulum quis turpis tempor, vestibulum justo et, varius ipsum. Duis tristique facilisis nunc ut venenatis. Praesent euismod est quis dolor facilisis, eu imperdiet mi dignissim. Suspendisse id iaculis libero. Aliquam sed velit dolor.\r\n\r\nVestibulum semper et justo a sodales. Etiam in pulvinar dui, vitae faucibus metus. Pellentesque non sapien vel massa fermentum varius lacinia id risus. Quisque vitae orci nec tortor vestibulum viverra. Mauris at fermentum erat. Curabitur facilisis, lacus vel bibendum convallis, libero nisi egestas mi, ut finibus neque risus non felis. Nullam quis egestas leo, a convallis eros. Pellentesque lacinia cursus sem, sed laoreet nisl tristique in.\r\n\r\nSed gravida laoreet nulla vitae condimentum. Morbi ornare lorem id ultricies elementum. Phasellus justo neque, porttitor non libero eget, posuere condimentum eros. Proin nec commodo lectus. Sed in leo eget odio scelerisque maximus. Sed efficitur pretium aliquet. Donec semper odio condimentum ante malesuada luctus. Morbi quam diam, euismod eu est et, porttitor posuere nunc. Nullam dapibus mauris et ligula iaculis, a placerat mi maximus. Donec bibendum risus at mauris euismod, vitae congue dui tincidunt.\r\n\r\nUt sed viverra mauris. Quisque euismod vestibulum purus non feugiat. Donec at ante at urna scelerisque gravida sed eu nunc. Maecenas sed arcu interdum, pulvinar dui et, consequat odio. Nulla a nulla commodo, fringilla odio in, faucibus tortor. Morbi condimentum ullamcorper semper. Donec consequat mauris sapien, nec porttitor velit efficitur fringilla. Suspendisse pulvinar sit amet purus nec semper. Nam fringilla aliquet ligula efficitur scelerisque. Nullam sit amet tortor eros. Vestibulum molestie odio eget orci tristique convallis. Maecenas tincidunt diam eget ipsum gravida, eu facilisis nisl dictum. In dictum sed erat a laoreet. Quisque finibus in turpis vitae egestas. Pellentesque eleifend bibendum egestas. Donec quis bibendum dolor, vitae egestas odio. </p>', 'top-2.jpg', 1, 0, 5, NULL, '0000-00-00 00:00:00'),
(17, 'Giới trẻ nô nức xin chữ đầu năm ', 'Gioi-Tre-No-Nuc-Xin-Chu-Dau-Nam', '9h sáng mùng 4 Tết dòng người kéo đến Văn miếu Quốc Tử Giám đông nghẹt. Nhiều bạn trẻ đứng chen chân hàng tiếng đồng hồ để xin được chữ: Trạng nguyên, Đỗ đạt, Trí, Nhân... khi xuân về. ', '<p>Lorem ipsum dolor sit amet, consectetur adipiscing elit. Mauris suscipit ullamcorper turpis scelerisque ullamcorper. Aliquam interdum mi in ipsum tristique, at dignissim dui viverra. Maecenas eleifend tristique magna non faucibus. Aliquam erat volutpat. Aenean et metus ipsum. Nulla pulvinar, ante quis semper aliquam, lacus arcu tincidunt metus, sed auctor velit nulla sit amet risus. Maecenas elit est, rutrum malesuada semper ut, molestie quis dui. Vivamus rhoncus, leo placerat aliquam tincidunt, sem risus dictum sem, sed tincidunt odio est non orci. Vivamus facilisis lectus sed augue euismod, a malesuada neque pellentesque. Aenean tristique leo nisl, nec auctor sapien fermentum quis. Etiam ligula ligula, facilisis quis tellus id, finibus dictum massa. Pellentesque feugiat congue aliquet. Ut quis lacus et risus mollis finibus ac id ante.\r\n\r\nEtiam ut turpis pulvinar, ullamcorper augue at, venenatis leo. Proin sed urna mauris. Nam porta tellus est, nec viverra sapien blandit quis. Quisque rhoncus quis urna vel pharetra. Cras id dui eget nisi convallis congue et ut nibh. Vestibulum quis turpis tempor, vestibulum justo et, varius ipsum. Duis tristique facilisis nunc ut venenatis. Praesent euismod est quis dolor facilisis, eu imperdiet mi dignissim. Suspendisse id iaculis libero. Aliquam sed velit dolor.\r\n\r\nVestibulum semper et justo a sodales. Etiam in pulvinar dui, vitae faucibus metus. Pellentesque non sapien vel massa fermentum varius lacinia id risus. Quisque vitae orci nec tortor vestibulum viverra. Mauris at fermentum erat. Curabitur facilisis, lacus vel bibendum convallis, libero nisi egestas mi, ut finibus neque risus non felis. Nullam quis egestas leo, a convallis eros. Pellentesque lacinia cursus sem, sed laoreet nisl tristique in.\r\n\r\nSed gravida laoreet nulla vitae condimentum. Morbi ornare lorem id ultricies elementum. Phasellus justo neque, porttitor non libero eget, posuere condimentum eros. Proin nec commodo lectus. Sed in leo eget odio scelerisque maximus. Sed efficitur pretium aliquet. Donec semper odio condimentum ante malesuada luctus. Morbi quam diam, euismod eu est et, porttitor posuere nunc. Nullam dapibus mauris et ligula iaculis, a placerat mi maximus. Donec bibendum risus at mauris euismod, vitae congue dui tincidunt.\r\n\r\nUt sed viverra mauris. Quisque euismod vestibulum purus non feugiat. Donec at ante at urna scelerisque gravida sed eu nunc. Maecenas sed arcu interdum, pulvinar dui et, consequat odio. Nulla a nulla commodo, fringilla odio in, faucibus tortor. Morbi condimentum ullamcorper semper. Donec consequat mauris sapien, nec porttitor velit efficitur fringilla. Suspendisse pulvinar sit amet purus nec semper. Nam fringilla aliquet ligula efficitur scelerisque. Nullam sit amet tortor eros. Vestibulum molestie odio eget orci tristique convallis. Maecenas tincidunt diam eget ipsum gravida, eu facilisis nisl dictum. In dictum sed erat a laoreet. Quisque finibus in turpis vitae egestas. Pellentesque eleifend bibendum egestas. Donec quis bibendum dolor, vitae egestas odio. </p>', 'tre-1.jpg', 1, 0, 2, NULL, NULL),
(18, 'Mong ước đầu năm của giới trẻ ', 'Mong-Uoc-Dau-Nam-Cua-Gioi-Tre', 'Trong năm mới, chàng thủ khoa ĐH Ngoại thương Tăng Văn Bình quyết tâm trau dồi ngoại ngữ để thực hiện ước mơ du học, còn Miss Teen Diễm Trang sẽ dành nhiều thời gian hơn cho hoạt động xã hội, giao lưu quốc tế. ', '<p>Lorem ipsum dolor sit amet, consectetur adipiscing elit. Mauris suscipit ullamcorper turpis scelerisque ullamcorper. Aliquam interdum mi in ipsum tristique, at dignissim dui viverra. Maecenas eleifend tristique magna non faucibus. Aliquam erat volutpat. Aenean et metus ipsum. Nulla pulvinar, ante quis semper aliquam, lacus arcu tincidunt metus, sed auctor velit nulla sit amet risus. Maecenas elit est, rutrum malesuada semper ut, molestie quis dui. Vivamus rhoncus, leo placerat aliquam tincidunt, sem risus dictum sem, sed tincidunt odio est non orci. Vivamus facilisis lectus sed augue euismod, a malesuada neque pellentesque. Aenean tristique leo nisl, nec auctor sapien fermentum quis. Etiam ligula ligula, facilisis quis tellus id, finibus dictum massa. Pellentesque feugiat congue aliquet. Ut quis lacus et risus mollis finibus ac id ante.\r\n\r\nEtiam ut turpis pulvinar, ullamcorper augue at, venenatis leo. Proin sed urna mauris. Nam porta tellus est, nec viverra sapien blandit quis. Quisque rhoncus quis urna vel pharetra. Cras id dui eget nisi convallis congue et ut nibh. Vestibulum quis turpis tempor, vestibulum justo et, varius ipsum. Duis tristique facilisis nunc ut venenatis. Praesent euismod est quis dolor facilisis, eu imperdiet mi dignissim. Suspendisse id iaculis libero. Aliquam sed velit dolor.\r\n\r\nVestibulum semper et justo a sodales. Etiam in pulvinar dui, vitae faucibus metus. Pellentesque non sapien vel massa fermentum varius lacinia id risus. Quisque vitae orci nec tortor vestibulum viverra. Mauris at fermentum erat. Curabitur facilisis, lacus vel bibendum convallis, libero nisi egestas mi, ut finibus neque risus non felis. Nullam quis egestas leo, a convallis eros. Pellentesque lacinia cursus sem, sed laoreet nisl tristique in.\r\n\r\nSed gravida laoreet nulla vitae condimentum. Morbi ornare lorem id ultricies elementum. Phasellus justo neque, porttitor non libero eget, posuere condimentum eros. Proin nec commodo lectus. Sed in leo eget odio scelerisque maximus. Sed efficitur pretium aliquet. Donec semper odio condimentum ante malesuada luctus. Morbi quam diam, euismod eu est et, porttitor posuere nunc. Nullam dapibus mauris et ligula iaculis, a placerat mi maximus. Donec bibendum risus at mauris euismod, vitae congue dui tincidunt.\r\n\r\nUt sed viverra mauris. Quisque euismod vestibulum purus non feugiat. Donec at ante at urna scelerisque gravida sed eu nunc. Maecenas sed arcu interdum, pulvinar dui et, consequat odio. Nulla a nulla commodo, fringilla odio in, faucibus tortor. Morbi condimentum ullamcorper semper. Donec consequat mauris sapien, nec porttitor velit efficitur fringilla. Suspendisse pulvinar sit amet purus nec semper. Nam fringilla aliquet ligula efficitur scelerisque. Nullam sit amet tortor eros. Vestibulum molestie odio eget orci tristique convallis. Maecenas tincidunt diam eget ipsum gravida, eu facilisis nisl dictum. In dictum sed erat a laoreet. Quisque finibus in turpis vitae egestas. Pellentesque eleifend bibendum egestas. Donec quis bibendum dolor, vitae egestas odio. </p>', 'diem-trang-2.jpg', 1, 0, 2, NULL, NULL),
(19, 'Giám đốc tuổi mèo và thành tích đáng nể ', 'Giam-Doc-Tuoi-Meo-Va-Thanh-Tich-Dang-Ne', 'Học hết lớp 9, Nguyễn Hữu Năm phải nghỉ học vì nhà nghèo lại đông con, nhưng chàng trai đất Chương Mỹ (Hà Nội) đã xuất sắc giành nhiều giải thưởng sáng tạo trẻ và hiện là chủ công ty chuyên về chế tạo máy. ', '<p>Lorem ipsum dolor sit amet, consectetur adipiscing elit. Mauris suscipit ullamcorper turpis scelerisque ullamcorper. Aliquam interdum mi in ipsum tristique, at dignissim dui viverra. Maecenas eleifend tristique magna non faucibus. Aliquam erat volutpat. Aenean et metus ipsum. Nulla pulvinar, ante quis semper aliquam, lacus arcu tincidunt metus, sed auctor velit nulla sit amet risus. Maecenas elit est, rutrum malesuada semper ut, molestie quis dui. Vivamus rhoncus, leo placerat aliquam tincidunt, sem risus dictum sem, sed tincidunt odio est non orci. Vivamus facilisis lectus sed augue euismod, a malesuada neque pellentesque. Aenean tristique leo nisl, nec auctor sapien fermentum quis. Etiam ligula ligula, facilisis quis tellus id, finibus dictum massa. Pellentesque feugiat congue aliquet. Ut quis lacus et risus mollis finibus ac id ante.\r\n\r\nEtiam ut turpis pulvinar, ullamcorper augue at, venenatis leo. Proin sed urna mauris. Nam porta tellus est, nec viverra sapien blandit quis. Quisque rhoncus quis urna vel pharetra. Cras id dui eget nisi convallis congue et ut nibh. Vestibulum quis turpis tempor, vestibulum justo et, varius ipsum. Duis tristique facilisis nunc ut venenatis. Praesent euismod est quis dolor facilisis, eu imperdiet mi dignissim. Suspendisse id iaculis libero. Aliquam sed velit dolor.\r\n\r\nVestibulum semper et justo a sodales. Etiam in pulvinar dui, vitae faucibus metus. Pellentesque non sapien vel massa fermentum varius lacinia id risus. Quisque vitae orci nec tortor vestibulum viverra. Mauris at fermentum erat. Curabitur facilisis, lacus vel bibendum convallis, libero nisi egestas mi, ut finibus neque risus non felis. Nullam quis egestas leo, a convallis eros. Pellentesque lacinia cursus sem, sed laoreet nisl tristique in.\r\n\r\nSed gravida laoreet nulla vitae condimentum. Morbi ornare lorem id ultricies elementum. Phasellus justo neque, porttitor non libero eget, posuere condimentum eros. Proin nec commodo lectus. Sed in leo eget odio scelerisque maximus. Sed efficitur pretium aliquet. Donec semper odio condimentum ante malesuada luctus. Morbi quam diam, euismod eu est et, porttitor posuere nunc. Nullam dapibus mauris et ligula iaculis, a placerat mi maximus. Donec bibendum risus at mauris euismod, vitae congue dui tincidunt.\r\n\r\nUt sed viverra mauris. Quisque euismod vestibulum purus non feugiat. Donec at ante at urna scelerisque gravida sed eu nunc. Maecenas sed arcu interdum, pulvinar dui et, consequat odio. Nulla a nulla commodo, fringilla odio in, faucibus tortor. Morbi condimentum ullamcorper semper. Donec consequat mauris sapien, nec porttitor velit efficitur fringilla. Suspendisse pulvinar sit amet purus nec semper. Nam fringilla aliquet ligula efficitur scelerisque. Nullam sit amet tortor eros. Vestibulum molestie odio eget orci tristique convallis. Maecenas tincidunt diam eget ipsum gravida, eu facilisis nisl dictum. In dictum sed erat a laoreet. Quisque finibus in turpis vitae egestas. Pellentesque eleifend bibendum egestas. Donec quis bibendum dolor, vitae egestas odio. </p>', 'Nguyen_Huu_Nam_set_sub.jpg', 1, 0, 6, NULL, NULL),
(20, 'Học sinh vùng cao nghỉ Tết kéo dài vì giá rét', 'Hoc-Sinh-Vung-Cao-Nghi-Tet-Keo-Dai-Vi-Gia-Ret', 'Học sinh Hà Giang có thể nghỉ Tết Tân Mão gần 20 ngày còn học sinh Lào Cai được nghỉ Tết hơn các vùng khác 3 ngày để tránh giá rét. ', '<p>Lorem ipsum dolor sit amet, consectetur adipiscing elit. Mauris suscipit ullamcorper turpis scelerisque ullamcorper. Aliquam interdum mi in ipsum tristique, at dignissim dui viverra. Maecenas eleifend tristique magna non faucibus. Aliquam erat volutpat. Aenean et metus ipsum. Nulla pulvinar, ante quis semper aliquam, lacus arcu tincidunt metus, sed auctor velit nulla sit amet risus. Maecenas elit est, rutrum malesuada semper ut, molestie quis dui. Vivamus rhoncus, leo placerat aliquam tincidunt, sem risus dictum sem, sed tincidunt odio est non orci. Vivamus facilisis lectus sed augue euismod, a malesuada neque pellentesque. Aenean tristique leo nisl, nec auctor sapien fermentum quis. Etiam ligula ligula, facilisis quis tellus id, finibus dictum massa. Pellentesque feugiat congue aliquet. Ut quis lacus et risus mollis finibus ac id ante.\r\n\r\nEtiam ut turpis pulvinar, ullamcorper augue at, venenatis leo. Proin sed urna mauris. Nam porta tellus est, nec viverra sapien blandit quis. Quisque rhoncus quis urna vel pharetra. Cras id dui eget nisi convallis congue et ut nibh. Vestibulum quis turpis tempor, vestibulum justo et, varius ipsum. Duis tristique facilisis nunc ut venenatis. Praesent euismod est quis dolor facilisis, eu imperdiet mi dignissim. Suspendisse id iaculis libero. Aliquam sed velit dolor.\r\n\r\nVestibulum semper et justo a sodales. Etiam in pulvinar dui, vitae faucibus metus. Pellentesque non sapien vel massa fermentum varius lacinia id risus. Quisque vitae orci nec tortor vestibulum viverra. Mauris at fermentum erat. Curabitur facilisis, lacus vel bibendum convallis, libero nisi egestas mi, ut finibus neque risus non felis. Nullam quis egestas leo, a convallis eros. Pellentesque lacinia cursus sem, sed laoreet nisl tristique in.\r\n\r\nSed gravida laoreet nulla vitae condimentum. Morbi ornare lorem id ultricies elementum. Phasellus justo neque, porttitor non libero eget, posuere condimentum eros. Proin nec commodo lectus. Sed in leo eget odio scelerisque maximus. Sed efficitur pretium aliquet. Donec semper odio condimentum ante malesuada luctus. Morbi quam diam, euismod eu est et, porttitor posuere nunc. Nullam dapibus mauris et ligula iaculis, a placerat mi maximus. Donec bibendum risus at mauris euismod, vitae congue dui tincidunt.\r\n\r\nUt sed viverra mauris. Quisque euismod vestibulum purus non feugiat. Donec at ante at urna scelerisque gravida sed eu nunc. Maecenas sed arcu interdum, pulvinar dui et, consequat odio. Nulla a nulla commodo, fringilla odio in, faucibus tortor. Morbi condimentum ullamcorper semper. Donec consequat mauris sapien, nec porttitor velit efficitur fringilla. Suspendisse pulvinar sit amet purus nec semper. Nam fringilla aliquet ligula efficitur scelerisque. Nullam sit amet tortor eros. Vestibulum molestie odio eget orci tristique convallis. Maecenas tincidunt diam eget ipsum gravida, eu facilisis nisl dictum. In dictum sed erat a laoreet. Quisque finibus in turpis vitae egestas. Pellentesque eleifend bibendum egestas. Donec quis bibendum dolor, vitae egestas odio. </p>', 'sapa9.jpg', 1, 0, 9, NULL, NULL),
(21, 'Không để thí sinh đăng ký đại học như chơi xổ số', 'Khong-De-Thi-Sinh', '\"Chúng ta không thể để học sinh đăng ký nguyện vọng như chơi sổ xố, đến cuối cùng mới biết kết quả. Hãy để các em thấy rõ cơ hội của mình\", Bộ trưởng GD&ĐT Phạm Vũ Luận phát biểu tại Hội nghị tuyển sinh sáng 18/2. ', '<p>Lorem ipsum dolor sit amet, consectetur adipiscing elit. Mauris suscipit ullamcorper turpis scelerisque ullamcorper. Aliquam interdum mi in ipsum tristique, at dignissim dui viverra. Maecenas eleifend tristique magna non faucibus. Aliquam erat volutpat. Aenean et metus ipsum. Nulla pulvinar, ante quis semper aliquam, lacus arcu tincidunt metus, sed auctor velit nulla sit amet risus. Maecenas elit est, rutrum malesuada semper ut, molestie quis dui. Vivamus rhoncus, leo placerat aliquam tincidunt, sem risus dictum sem, sed tincidunt odio est non orci. Vivamus facilisis lectus sed augue euismod, a malesuada neque pellentesque. Aenean tristique leo nisl, nec auctor sapien fermentum quis. Etiam ligula ligula, facilisis quis tellus id, finibus dictum massa. Pellentesque feugiat congue aliquet. Ut quis lacus et risus mollis finibus ac id ante.\r\n\r\nEtiam ut turpis pulvinar, ullamcorper augue at, venenatis leo. Proin sed urna mauris. Nam porta tellus est, nec viverra sapien blandit quis. Quisque rhoncus quis urna vel pharetra. Cras id dui eget nisi convallis congue et ut nibh. Vestibulum quis turpis tempor, vestibulum justo et, varius ipsum. Duis tristique facilisis nunc ut venenatis. Praesent euismod est quis dolor facilisis, eu imperdiet mi dignissim. Suspendisse id iaculis libero. Aliquam sed velit dolor.\r\n\r\nVestibulum semper et justo a sodales. Etiam in pulvinar dui, vitae faucibus metus. Pellentesque non sapien vel massa fermentum varius lacinia id risus. Quisque vitae orci nec tortor vestibulum viverra. Mauris at fermentum erat. Curabitur facilisis, lacus vel bibendum convallis, libero nisi egestas mi, ut finibus neque risus non felis. Nullam quis egestas leo, a convallis eros. Pellentesque lacinia cursus sem, sed laoreet nisl tristique in.\r\n\r\nSed gravida laoreet nulla vitae condimentum. Morbi ornare lorem id ultricies elementum. Phasellus justo neque, porttitor non libero eget, posuere condimentum eros. Proin nec commodo lectus. Sed in leo eget odio scelerisque maximus. Sed efficitur pretium aliquet. Donec semper odio condimentum ante malesuada luctus. Morbi quam diam, euismod eu est et, porttitor posuere nunc. Nullam dapibus mauris et ligula iaculis, a placerat mi maximus. Donec bibendum risus at mauris euismod, vitae congue dui tincidunt.\r\n\r\nUt sed viverra mauris. Quisque euismod vestibulum purus non feugiat. Donec at ante at urna scelerisque gravida sed eu nunc. Maecenas sed arcu interdum, pulvinar dui et, consequat odio. Nulla a nulla commodo, fringilla odio in, faucibus tortor. Morbi condimentum ullamcorper semper. Donec consequat mauris sapien, nec porttitor velit efficitur fringilla. Suspendisse pulvinar sit amet purus nec semper. Nam fringilla aliquet ligula efficitur scelerisque. Nullam sit amet tortor eros. Vestibulum molestie odio eget orci tristique convallis. Maecenas tincidunt diam eget ipsum gravida, eu facilisis nisl dictum. In dictum sed erat a laoreet. Quisque finibus in turpis vitae egestas. Pellentesque eleifend bibendum egestas. Donec quis bibendum dolor, vitae egestas odio. </p>', 'Pham_Vu_Luan.jpg', 1, 0, 4, NULL, NULL),
(22, 'Chụp ảnh cưới tại Flamingo Đại Lải Resort ', 'Chup-Anh-Cuoi-Tai-Flamingo-Dai-Lai-Resort', 'Với hệ sinh thái độc đáo gồm đảo với đàn chim hàng nghìn con cùng nhiều hồ, suối, bán đảo… Flamingo Đại Lải Resort là điểm đến cho các đôi uyên ương muốn tìm nơi lưu giữ khoảnh khắc trăm năm và nghỉ dưỡng cuối tuần. ', '<p>Lorem ipsum dolor sit amet, consectetur adipiscing elit. Mauris suscipit ullamcorper turpis scelerisque ullamcorper. Aliquam interdum mi in ipsum tristique, at dignissim dui viverra. Maecenas eleifend tristique magna non faucibus. Aliquam erat volutpat. Aenean et metus ipsum. Nulla pulvinar, ante quis semper aliquam, lacus arcu tincidunt metus, sed auctor velit nulla sit amet risus. Maecenas elit est, rutrum malesuada semper ut, molestie quis dui. Vivamus rhoncus, leo placerat aliquam tincidunt, sem risus dictum sem, sed tincidunt odio est non orci. Vivamus facilisis lectus sed augue euismod, a malesuada neque pellentesque. Aenean tristique leo nisl, nec auctor sapien fermentum quis. Etiam ligula ligula, facilisis quis tellus id, finibus dictum massa. Pellentesque feugiat congue aliquet. Ut quis lacus et risus mollis finibus ac id ante.', 'New_Imagesp2.jpg', 1, 0, 1, NULL, NULL),
(23, 'Hỗ trợ gần 3.000 vé xe tết cho sinh viên', 'Ho-Tro-Gan-3.000-Ve-Xe-Tet-Cho-Sinh-Vien', 'Mỗi khi máy bay sắp hạ cánh xuống sân bay Suvarnabhumi, tôi đều có cảm giác mình sắp được trở về nhà, về quê hương thân thương thứ hai của mình. Bạn Đặng Quốc Chí chia sẻ.Khoảng 2.700 sinh viên ngoại tỉnh có hoàn cảnh khó khăn, đang học tập tại TP HCM sẽ được tặng vé xe miễn phí về quê trong dịp tết Tân Mão.', '<p>Lorem ipsum dolor sit amet, consectetur adipiscing elit. Mauris suscipit ullamcorper turpis scelerisque ullamcorper. Aliquam interdum mi in ipsum tristique, at dignissim dui viverra. Maecenas eleifend tristique magna non faucibus. Aliquam erat volutpat. Aenean et metus ipsum. Nulla pulvinar, ante quis semper aliquam, lacus arcu tincidunt metus, sed auctor velit nulla sit amet risus. Maecenas elit est, rutrum malesuada semper ut, molestie quis dui. Vivamus rhoncus, leo placerat aliquam tincidunt, sem risus dictum sem, sed tincidunt odio est non orci. Vivamus facilisis lectus sed augue euismod, a malesuada neque pellentesque. Aenean tristique leo nisl, nec auctor sapien fermentum quis. Etiam ligula ligula, facilisis quis tellus id, finibus dictum massa. Pellentesque feugiat congue aliquet. Ut quis lacus et risus mollis finibus ac id ante.', 'sinhvien[1]_1.jpg', 1, 0, 1, NULL, NULL),
(24, 'Một mình ở Thái Lan ', 'Mot-Minh-O-Thai-Lan', 'Không quá ồn ã tấp nập như Hong Kong, hay quá yên bình như Hội An, Bangkok khiến cho tôi cảm thấy vô cùng phấn khích, tựa hồ như vừa thức giấc sau một cơn ngủ say. Bạn Nguyễn Anh Ngọc viết. ', '<p>Lorem ipsum dolor sit amet, consectetur adipiscing elit. Mauris suscipit ullamcorper turpis scelerisque ullamcorper. Aliquam interdum mi in ipsum tristique, at dignissim dui viverra. Maecenas eleifend tristique magna non faucibus. Aliquam erat volutpat. Aenean et metus ipsum. Nulla pulvinar, ante quis semper aliquam, lacus arcu tincidunt metus, sed auctor velit nulla sit amet risus. Maecenas elit est, rutrum malesuada semper ut, molestie quis dui. Vivamus rhoncus, leo placerat aliquam tincidunt, sem risus dictum sem, sed tincidunt odio est non orci. Vivamus facilisis lectus sed augue euismod, a malesuada neque pellentesque. Aenean tristique leo nisl, nec auctor sapien fermentum quis. Etiam ligula ligula, facilisis quis tellus id, finibus dictum massa. Pellentesque feugiat congue aliquet. Ut quis lacus et risus mollis finibus ac id ante.', 'top1.jpg', 1, 0, 3, NULL, NULL),
(25, 'Trai Hà thành trổ tài vật cầu đầu xuân', 'Trai-Ha-Thanh-Tro-Tai-Vat-Cau-Dau-Xuan', 'Những pha tranh cướp quyết liệt cùng những tiếng cười vui là hình ảnh về lễ hội vật cầu đầu xuân của các thanh niên làng Thúy Lĩnh, quận Hoàng Mai (Hà Nội), diễn ra chiều 8/2 (6 Tết). ', '<p>Lorem ipsum dolor sit amet, consectetur adipiscing elit. Mauris suscipit ullamcorper turpis scelerisque ullamcorper. Aliquam interdum mi in ipsum tristique, at dignissim dui viverra. Maecenas eleifend tristique magna non faucibus. Aliquam erat volutpat. Aenean et metus ipsum. Nulla pulvinar, ante quis semper aliquam, lacus arcu tincidunt metus, sed auctor velit nulla sit amet risus. Maecenas elit est, rutrum malesuada semper ut, molestie quis dui. Vivamus rhoncus, leo placerat aliquam tincidunt, sem risus dictum sem, sed tincidunt odio est non orci. Vivamus facilisis lectus sed augue euismod, a malesuada neque pellentesque. Aenean tristique leo nisl, nec auctor sapien fermentum quis. Etiam ligula ligula, facilisis quis tellus id, finibus dictum massa. Pellentesque feugiat congue aliquet. Ut quis lacus et risus mollis finibus ac id ante.', '130.jpg', 1, 0, 5, NULL, '2017-04-02 10:00:00'),
(26, 'Các bãi biển Đà Nẵng đồng loạt thả chim bồ câu ', 'Cac-Bai-Bien-Da-Nang-Dong-Loat-Tha-Chim-Bo-Cau', 'Sáng nay, Ban quản lý bán đảo Sơn Trà và các bãi biển du lịch thành phố Đà Nẵng đã tổ chức thả chim bồ câu, phát động xây dựng vườn chim hòa bình tại công viên biển Đông. ', '<p>Lorem ipsum dolor sit amet, consectetur adipiscing elit. Mauris suscipit ullamcorper turpis scelerisque ullamcorper. Aliquam interdum mi in ipsum tristique, at dignissim dui viverra. Maecenas eleifend tristique magna non faucibus. Aliquam erat volutpat. Aenean et metus ipsum. Nulla pulvinar, ante quis semper aliquam, lacus arcu tincidunt metus, sed auctor velit nulla sit amet risus. Maecenas elit est, rutrum malesuada semper ut, molestie quis dui. Vivamus rhoncus, leo placerat aliquam tincidunt, sem risus dictum sem, sed tincidunt odio est non orci. Vivamus facilisis lectus sed augue euismod, a malesuada neque pellentesque. Aenean tristique leo nisl, nec auctor sapien fermentum quis. Etiam ligula ligula, facilisis quis tellus id, finibus dictum massa. Pellentesque feugiat congue aliquet. Ut quis lacus et risus mollis finibus ac id ante.', 'thachim2.jpg', 1, 0, 5, NULL, NULL),
(27, 'Đi tìm cây đa đại thụ hơn nghìn năm tuổi ', 'Di-Tim-Cay-Da-Dai-Thu-Hon-Nghin-Nam-Tuoi', 'Chúng tôi thẳng tiến về Bán đảo Sơn Trà (Đà Nẵng) nơi được mạnh danh là “Mắt thần Đông Dương”. Mục tiêu của chúng tôi là khám phá cây đa cổ thụ hơn nghìn năm tuổi. Đường dốc và ngoằn nghèo khiến du khách có cảm giác như bay lên thiên giới. Bạn Triệu Hòa chia sẻ. ', '<p>Lorem ipsum dolor sit amet, consectetur adipiscing elit. Mauris suscipit ullamcorper turpis scelerisque ullamcorper. Aliquam interdum mi in ipsum tristique, at dignissim dui viverra. Maecenas eleifend tristique magna non faucibus. Aliquam erat volutpat. Aenean et metus ipsum. Nulla pulvinar, ante quis semper aliquam, lacus arcu tincidunt metus, sed auctor velit nulla sit amet risus. Maecenas elit est, rutrum malesuada semper ut, molestie quis dui. Vivamus rhoncus, leo placerat aliquam tincidunt, sem risus dictum sem, sed tincidunt odio est non orci. Vivamus facilisis lectus sed augue euismod, a malesuada neque pellentesque. Aenean tristique leo nisl, nec auctor sapien fermentum quis. Etiam ligula ligula, facilisis quis tellus id, finibus dictum massa. Pellentesque feugiat congue aliquet. Ut quis lacus et risus mollis finibus ac id ante.', 'cayda2.jpg', 1, 0, 3, NULL, NULL),
(28, 'Rêu nảy lộc xuân trên phố cổ Hội An', 'Reu-Nay-Loc-Xuan-Tren-Pho-Co-Hoi-An', 'Trong màn sương lãng đãng, phố cổ Hội An hiện ra như bức tranh bình dị mà sâu lắng. Rêu nảy lộc trên từng ngõ phố, bật mầm trên từng mái ngói cũ xưa gieo nhớ thương, neo lòng du khách trong khoảnh khắc mùa xuân đang về. ', '<p>Lorem ipsum dolor sit amet, consectetur adipiscing elit. Mauris suscipit ullamcorper turpis scelerisque ullamcorper. Aliquam interdum mi in ipsum tristique, at dignissim dui viverra. Maecenas eleifend tristique magna non faucibus. Aliquam erat volutpat. Aenean et metus ipsum. Nulla pulvinar, ante quis semper aliquam, lacus arcu tincidunt metus, sed auctor velit nulla sit amet risus. Maecenas elit est, rutrum malesuada semper ut, molestie quis dui. Vivamus rhoncus, leo placerat aliquam tincidunt, sem risus dictum sem, sed tincidunt odio est non orci. Vivamus facilisis lectus sed augue euismod, a malesuada neque pellentesque. Aenean tristique leo nisl, nec auctor sapien fermentum quis. Etiam ligula ligula, facilisis quis tellus id, finibus dictum massa. Pellentesque feugiat congue aliquet. Ut quis lacus et risus mollis finibus ac id ante.', 'a-top-2-reu-xuan-HA.jpg', 1, 0, 5, NULL, NULL),
(29, '50.000 du khách đến Huế ăn Tết ', '50.000-Du-Khach-Den-Hue-An-Tet', 'Lượng khách du lịch đến tỉnh Thừa Thiên - Huế ăn Tết năm nay tăng mạnh. Dự kiến sẽ có khoảng 50.000 du khách trong và ngoài nước đến cố đô, tăng khoảng 20.000 khách so với Tết năm trước ', '<p>Lorem ipsum dolor sit amet, consectetur adipiscing elit. Mauris suscipit ullamcorper turpis scelerisque ullamcorper. Aliquam interdum mi in ipsum tristique, at dignissim dui viverra. Maecenas eleifend tristique magna non faucibus. Aliquam erat volutpat. Aenean et metus ipsum. Nulla pulvinar, ante quis semper aliquam, lacus arcu tincidunt metus, sed auctor velit nulla sit amet risus. Maecenas elit est, rutrum malesuada semper ut, molestie quis dui. Vivamus rhoncus, leo placerat aliquam tincidunt, sem risus dictum sem, sed tincidunt odio est non orci. Vivamus facilisis lectus sed augue euismod, a malesuada neque pellentesque. Aenean tristique leo nisl, nec auctor sapien fermentum quis. Etiam ligula ligula, facilisis quis tellus id, finibus dictum massa. Pellentesque feugiat congue aliquet. Ut quis lacus et risus mollis finibus ac id ante.', 'set.jpg', 1, 0, 3, NULL, NULL),
(30, '4 độc giả viết về du lịch Thái Lan được tặng quà', '4-Doc-Gia-Viet-Ve-Du-Lich-Thai-Lan-Duoc-Tang-Qua', 'Trong số nhiều độc giả gửi bài tham dự cuộc thi viết \"Trải nghiệm kỳ thú khi du lịch Thái Lan\", Ban biên tập đã lựa chọn 4 bài viết để trao quà tặng cho tháng 1. ', '<p>Lorem ipsum dolor sit amet, consectetur adipiscing elit. Mauris suscipit ullamcorper turpis scelerisque ullamcorper. Aliquam interdum mi in ipsum tristique, at dignissim dui viverra. Maecenas eleifend tristique magna non faucibus. Aliquam erat volutpat. Aenean et metus ipsum. Nulla pulvinar, ante quis semper aliquam, lacus arcu tincidunt metus, sed auctor velit nulla sit amet risus. Maecenas elit est, rutrum malesuada semper ut, molestie quis dui. Vivamus rhoncus, leo placerat aliquam tincidunt, sem risus dictum sem, sed tincidunt odio est non orci. Vivamus facilisis lectus sed augue euismod, a malesuada neque pellentesque. Aenean tristique leo nisl, nec auctor sapien fermentum quis. Etiam ligula ligula, facilisis quis tellus id, finibus dictum massa. Pellentesque feugiat congue aliquet. Ut quis lacus et risus mollis finibus ac id ante.', 'a3.jpg', 1, 0, 5, NULL, NULL),
(31, 'Lễ hội thổ dân nơi tận cùng thế giới ', 'Le-Hoi-Tho-Dan-Noi-Tan-Cung-The-Gioi', 'Lễ hội thổ dân ở thung lũng Baliem, trên hòn đảo West Papua New Guinea thuộc Indonesia là một điểm nhấn văn hóa mang đậm hơi thở của những bộ tộc hoang dã nhất hành tinh. Bạn Trần Thu Thủy chia sẻ.', '<p>Lorem ipsum dolor sit amet, consectetur adipiscing elit. Mauris suscipit ullamcorper turpis scelerisque ullamcorper. Aliquam interdum mi in ipsum tristique, at dignissim dui viverra. Maecenas eleifend tristique magna non faucibus. Aliquam erat volutpat. Aenean et metus ipsum. Nulla pulvinar, ante quis semper aliquam, lacus arcu tincidunt metus, sed auctor velit nulla sit amet risus. Maecenas elit est, rutrum malesuada semper ut, molestie quis dui. Vivamus rhoncus, leo placerat aliquam tincidunt, sem risus dictum sem, sed tincidunt odio est non orci. Vivamus facilisis lectus sed augue euismod, a malesuada neque pellentesque. Aenean tristique leo nisl, nec auctor sapien fermentum quis. Etiam ligula ligula, facilisis quis tellus id, finibus dictum massa. Pellentesque feugiat congue aliquet. Ut quis lacus et risus mollis finibus ac id ante.', '7.jpg', 1, 0, 5, NULL, NULL),
(32, 'Người Hà Nội du xuân phương Nam tránh rét', 'Nguoi-Ha-Noi-Du-Xuan-Phuong-Nam-Tranh-Ret', 'Lo ngại giá lạnh trong ngày Tết, nhiều gia đình ở Hà Nội đã lên kế hoạch du xuân phương Nam. Một số công ty du lịch cũng tung ra chương trình tour đáp ứng nhu cầu du khách, đặc biệt là người lớn tuổi.', '<p>Lorem ipsum dolor sit amet, consectetur adipiscing elit. Mauris suscipit ullamcorper turpis scelerisque ullamcorper. Aliquam interdum mi in ipsum tristique, at dignissim dui viverra. Maecenas eleifend tristique magna non faucibus. Aliquam erat volutpat. Aenean et metus ipsum. Nulla pulvinar, ante quis semper aliquam, lacus arcu tincidunt metus, sed auctor velit nulla sit amet risus. Maecenas elit est, rutrum malesuada semper ut, molestie quis dui. Vivamus rhoncus, leo placerat aliquam tincidunt, sem risus dictum sem, sed tincidunt odio est non orci. Vivamus facilisis lectus sed augue euismod, a malesuada neque pellentesque. Aenean tristique leo nisl, nec auctor sapien fermentum quis. Etiam ligula ligula, facilisis quis tellus id, finibus dictum massa. Pellentesque feugiat congue aliquet. Ut quis lacus et risus mollis finibus ac id ante.', 'thanh-pho1.jpg', 1, 0, 7, NULL, NULL),
(33, 'Tôi đi trốn rét ở Thái Lan', 'Toi-Di-Tron-Ret-O-Thai-Lan', 'Với tour tự do đi trốn rét này, được bạn người Thái hướng dẫn, chúng tôi thăm thú mấy đô thị nhỏ lân cận Pattaya, đều trong tỉnh Chonburi, Đông Nam nước Thái. Bạn An Bình chia sẻ.', '<p>Lorem ipsum dolor sit amet, consectetur adipiscing elit. Mauris suscipit ullamcorper turpis scelerisque ullamcorper. Aliquam interdum mi in ipsum tristique, at dignissim dui viverra. Maecenas eleifend tristique magna non faucibus. Aliquam erat volutpat. Aenean et metus ipsum. Nulla pulvinar, ante quis semper aliquam, lacus arcu tincidunt metus, sed auctor velit nulla sit amet risus. Maecenas elit est, rutrum malesuada semper ut, molestie quis dui. Vivamus rhoncus, leo placerat aliquam tincidunt, sem risus dictum sem, sed tincidunt odio est non orci. Vivamus facilisis lectus sed augue euismod, a malesuada neque pellentesque. Aenean tristique leo nisl, nec auctor sapien fermentum quis. Etiam ligula ligula, facilisis quis tellus id, finibus dictum massa. Pellentesque feugiat congue aliquet. Ut quis lacus et risus mollis finibus ac id ante.', 'thai1.jpg', 1, 0, 7, NULL, NULL),
(34, '3 tiêu đề và biểu tượng du lịch Việt Nam đoạt giải cao', '3-Tieu-De-Va-Bieu-Tuong-Du-Lich-Viet-Nam-Doat-Giai-Cao', 'Tối 26/1, Tổng cục Du lịch đã công bố và trao giải cuộc thi \"Tiêu đề - Biểu tượng\" cho chương trình xúc tiến du lịch Việt Nam giai đoạn 2011 - 2015.', '<p>Lorem ipsum dolor sit amet, consectetur adipiscing elit. Mauris suscipit ullamcorper turpis scelerisque ullamcorper. Aliquam interdum mi in ipsum tristique, at dignissim dui viverra. Maecenas eleifend tristique magna non faucibus. Aliquam erat volutpat. Aenean et metus ipsum. Nulla pulvinar, ante quis semper aliquam, lacus arcu tincidunt metus, sed auctor velit nulla sit amet risus. Maecenas elit est, rutrum malesuada semper ut, molestie quis dui. Vivamus rhoncus, leo placerat aliquam tincidunt, sem risus dictum sem, sed tincidunt odio est non orci. Vivamus facilisis lectus sed augue euismod, a malesuada neque pellentesque. Aenean tristique leo nisl, nec auctor sapien fermentum quis. Etiam ligula ligula, facilisis quis tellus id, finibus dictum massa. Pellentesque feugiat congue aliquet. Ut quis lacus et risus mollis finibus ac id ante.', 'logo6.jpg', 1, 0, 7, NULL, NULL),
(35, 'Bangkok và Pattaya, gió và những đêm không ngủ', 'Bangkok-Va-Pattaya,-Gio-Va-Nhung-Dem-Khong-Ngu', '\"Ngày ở Pattaya, tôi được thử cảm giác đi xe nghịch hướng. Ngồi sau xe máy, làn gió làm bay tóc, những ánh đèn pha ngược chiều, ngược cả hướng làm tôi hơi lo sợ, tôi thấy bờ vai che chở lúc này thật là... hữu dụng\", bạn Thuc Nga chia sẻ.', '<p>Lorem ipsum dolor sit amet, consectetur adipiscing elit. Mauris suscipit ullamcorper turpis scelerisque ullamcorper. Aliquam interdum mi in ipsum tristique, at dignissim dui viverra. Maecenas eleifend tristique magna non faucibus. Aliquam erat volutpat. Aenean et metus ipsum. Nulla pulvinar, ante quis semper aliquam, lacus arcu tincidunt metus, sed auctor velit nulla sit amet risus. Maecenas elit est, rutrum malesuada semper ut, molestie quis dui. Vivamus rhoncus, leo placerat aliquam tincidunt, sem risus dictum sem, sed tincidunt odio est non orci. Vivamus facilisis lectus sed augue euismod, a malesuada neque pellentesque. Aenean tristique leo nisl, nec auctor sapien fermentum quis. Etiam ligula ligula, facilisis quis tellus id, finibus dictum massa. Pellentesque feugiat congue aliquet. Ut quis lacus et risus mollis finibus ac id ante.', 'Cho-Noi-Pattaya1.jpg', 1, 0, 7, NULL, NULL),
(36, 'Ngôi đền cổ Phimai', 'Ngoi-Den-Co-Phimai', 'Phimai xưa kia từng được xem là một trong những thành phố quan trọng của người Khmer. Kiến trúc và điêu khắc của đền được xem là cùng thời kỳ với kiến trúc của Bayon, Baphuon và Angkor Wat.', '<p>Lorem ipsum dolor sit amet, consectetur adipiscing elit. Mauris suscipit ullamcorper turpis scelerisque ullamcorper. Aliquam interdum mi in ipsum tristique, at dignissim dui viverra. Maecenas eleifend tristique magna non faucibus. Aliquam erat volutpat. Aenean et metus ipsum. Nulla pulvinar, ante quis semper aliquam, lacus arcu tincidunt metus, sed auctor velit nulla sit amet risus. Maecenas elit est, rutrum malesuada semper ut, molestie quis dui. Vivamus rhoncus, leo placerat aliquam tincidunt, sem risus dictum sem, sed tincidunt odio est non orci. Vivamus facilisis lectus sed augue euismod, a malesuada neque pellentesque. Aenean tristique leo nisl, nec auctor sapien fermentum quis. Etiam ligula ligula, facilisis quis tellus id, finibus dictum massa. Pellentesque feugiat congue aliquet. Ut quis lacus et risus mollis finibus ac id ante.', 'den4.jpg', 1, 0, 7, NULL, NULL),
(37, 'Tour Tết Tân Mão giá ưu đãi', 'Tour-Tet-Tan-Mao-Gia-Uu-Dai', 'Công ty cổ phần Truyền thông Du Lịch Việt đưa ra những chùm tour \"Tết Tân Mão\" ưu đãi như Singapore - Malaysia 7 ngày 6 đêm giá từ 699 USD, miền Trung 5 ngày 4 đêm giá đặc biệt từ 4,9 triệu đồng...', '<p>Lorem ipsum dolor sit amet, consectetur adipiscing elit. Mauris suscipit ullamcorper turpis scelerisque ullamcorper. Aliquam interdum mi in ipsum tristique, at dignissim dui viverra. Maecenas eleifend tristique magna non faucibus. Aliquam erat volutpat. Aenean et metus ipsum. Nulla pulvinar, ante quis semper aliquam, lacus arcu tincidunt metus, sed auctor velit nulla sit amet risus. Maecenas elit est, rutrum malesuada semper ut, molestie quis dui. Vivamus rhoncus, leo placerat aliquam tincidunt, sem risus dictum sem, sed tincidunt odio est non orci. Vivamus facilisis lectus sed augue euismod, a malesuada neque pellentesque. Aenean tristique leo nisl, nec auctor sapien fermentum quis. Etiam ligula ligula, facilisis quis tellus id, finibus dictum massa. Pellentesque feugiat congue aliquet. Ut quis lacus et risus mollis finibus ac id ante.', 'hinh_1_400x300.JPG', 1, 0, 3, NULL, NULL),
(38, 'Làng đào Hà Nội nín thở vì giá rét', '', 'Những người trồng hoa Nhật Tân, Tứ Liên (Hà Nội) như ngồi trên đống lửa vì lo giá rét có nguy cơ kéo dài. Một tháng trước Tết nhưng đào vẫn chưa có dấu hiệu gì đón xuân.', '<p>Lorem ipsum dolor sit amet, consectetur adipiscing elit. Mauris suscipit ullamcorper turpis scelerisque ullamcorper. Aliquam interdum mi in ipsum tristique, at dignissim dui viverra. Maecenas eleifend tristique magna non faucibus. Aliquam erat volutpat. Aenean et metus ipsum. Nulla pulvinar, ante quis semper aliquam, lacus arcu tincidunt metus, sed auctor velit nulla sit amet risus. Maecenas elit est, rutrum malesuada semper ut, molestie quis dui. Vivamus rhoncus, leo placerat aliquam tincidunt, sem risus dictum sem, sed tincidunt odio est non orci. Vivamus facilisis lectus sed augue euismod, a malesuada neque pellentesque. Aenean tristique leo nisl, nec auctor sapien fermentum quis. Etiam ligula ligula, facilisis quis tellus id, finibus dictum massa. Pellentesque feugiat congue aliquet. Ut quis lacus et risus mollis finibus ac id ante.', 'HHH_9967.jpg', 1, 0, 7, NULL, NULL),
(39, 'Gift Voucher ưu đãi tại Vinpearl Nha Trang', '', 'Vinpearl Nha Trang giới thiệu chương trình “Gift Voucher” - thẻ quà tặng dành cho khách. Theo đó, bạn sẽ được hưởng trực tiếp ưu đãi tại Vinpearl Nha Trang Resort & Spa từ 18% đến 40%, tùy từng thời điểm đặt phòng.', '<p>Lorem ipsum dolor sit amet, consectetur adipiscing elit. Mauris suscipit ullamcorper turpis scelerisque ullamcorper. Aliquam interdum mi in ipsum tristique, at dignissim dui viverra. Maecenas eleifend tristique magna non faucibus. Aliquam erat volutpat. Aenean et metus ipsum. Nulla pulvinar, ante quis semper aliquam, lacus arcu tincidunt metus, sed auctor velit nulla sit amet risus. Maecenas elit est, rutrum malesuada semper ut, molestie quis dui. Vivamus rhoncus, leo placerat aliquam tincidunt, sem risus dictum sem, sed tincidunt odio est non orci. Vivamus facilisis lectus sed augue euismod, a malesuada neque pellentesque. Aenean tristique leo nisl, nec auctor sapien fermentum quis. Etiam ligula ligula, facilisis quis tellus id, finibus dictum massa. Pellentesque feugiat congue aliquet. Ut quis lacus et risus mollis finibus ac id ante.', '', 1, 0, 8, NULL, NULL),
(40, 'Mai Châu mờ sương ngày đầu năm', 'Mai-Chau-Mo-Suong-Ngay-Dau-Nam', 'Trong ngày đầu của năm mới 2011, khung cảnh ở bản Hang Kia, Mai Châu (Hòa Bình) hiện lên huyền ảo trong làn sương mịt mù. Sương mù kèm theo thời tiết giá lạnh 13 độ C tại Mai Châu sáng mùng 1 Tết Dương lịch. Một trong những ngôi nhà tại bản Hang Kia chìm trong sương. Xe máy đi lại khó khăn. Thời điểm giáp xuân, những cây hoa mận đã nở nhưng khó có thể nhận ra trong làn sương mờ ảo. Một người phụ nữ Mông cho gia cầm ăn. Những đứa trẻ cùng nhau chơi quay. Một em bé thiếu quần mặc trong giá rét. Hai mẹ con người dân tộc Mông sưởi ấm trong căn nhà gỗ. Những người đàn ông đang quây quần trong bữa cơm chào năm mới. Một người đàn ông trở về nhà cùng chiếc khèn.', '<p>Lorem ipsum dolor sit amet, consectetur adipiscing elit. Mauris suscipit ullamcorper turpis scelerisque ullamcorper. Aliquam interdum mi in ipsum tristique, at dignissim dui viverra. Maecenas eleifend tristique magna non faucibus. Aliquam erat volutpat. Aenean et metus ipsum. Nulla pulvinar, ante quis semper aliquam, lacus arcu tincidunt metus, sed auctor velit nulla sit amet risus. Maecenas elit est, rutrum malesuada semper ut, molestie quis dui. Vivamus rhoncus, leo placerat aliquam tincidunt, sem risus dictum sem, sed tincidunt odio est non orci. Vivamus facilisis lectus sed augue euismod, a malesuada neque pellentesque. Aenean tristique leo nisl, nec auctor sapien fermentum quis. Etiam ligula ligula, facilisis quis tellus id, finibus dictum massa. Pellentesque feugiat congue aliquet. Ut quis lacus et risus mollis finibus ac id ante.', 'maichau1.jpg', 1, 0, 8, NULL, NULL),
(41, 'Thi viết về những trải nghiệm kỳ thú ở Thái Lan', 'Thi-Viet-Ve-Nhung-Trai-Nghiem-Ky-Thu-O-Thai-Lan', 'Mỗi tháng VnExpress.net sẽ tặng một cặp vé máy bay khứ hồi cho độc giả gửi bài viết hay nhất về du lịch trên đất nước Thái Lan. ', '<p>Lorem ipsum dolor sit amet, consectetur adipiscing elit. Mauris suscipit ullamcorper turpis scelerisque ullamcorper. Aliquam interdum mi in ipsum tristique, at dignissim dui viverra. Maecenas eleifend tristique magna non faucibus. Aliquam erat volutpat. Aenean et metus ipsum. Nulla pulvinar, ante quis semper aliquam, lacus arcu tincidunt metus, sed auctor velit nulla sit amet risus. Maecenas elit est, rutrum malesuada semper ut, molestie quis dui. Vivamus rhoncus, leo placerat aliquam tincidunt, sem risus dictum sem, sed tincidunt odio est non orci. Vivamus facilisis lectus sed augue euismod, a malesuada neque pellentesque. Aenean tristique leo nisl, nec auctor sapien fermentum quis. Etiam ligula ligula, facilisis quis tellus id, finibus dictum massa. Pellentesque feugiat congue aliquet. Ut quis lacus et risus mollis finibus ac id ante.', 'chua-1.jpg', 1, 0, 8, NULL, NULL),
(42, 'Trải nghiệm cảm giác sống chậm tại Côn Đảo', 'Trai-Nghiem-Cam-Giac-Song-Cham-Tai-Con-Dao', 'Sự vắng vẻ, phong cảnh tự nhiên cùng sự ra đời của khu nghỉ dưỡng cao cấp giúp Côn Đảo trở thành địa điểm lý tưởng cho người muốn trải nghiệm cảm giác sống chậm.', '<p>Lorem ipsum dolor sit amet, consectetur adipiscing elit. Mauris suscipit ullamcorper turpis scelerisque ullamcorper. Aliquam interdum mi in ipsum tristique, at dignissim dui viverra. Maecenas eleifend tristique magna non faucibus. Aliquam erat volutpat. Aenean et metus ipsum. Nulla pulvinar, ante quis semper aliquam, lacus arcu tincidunt metus, sed auctor velit nulla sit amet risus. Maecenas elit est, rutrum malesuada semper ut, molestie quis dui. Vivamus rhoncus, leo placerat aliquam tincidunt, sem risus dictum sem, sed tincidunt odio est non orci. Vivamus facilisis lectus sed augue euismod, a malesuada neque pellentesque. Aenean tristique leo nisl, nec auctor sapien fermentum quis. Etiam ligula ligula, facilisis quis tellus id, finibus dictum massa. Pellentesque feugiat congue aliquet. Ut quis lacus et risus mollis finibus ac id ante.', 'New_Image1.JPG', 1, 0, 8, NULL, NULL);
INSERT INTO `tintuc` (`id`, `TieuDe`, `TieuDeKhongDau`, `TomTat`, `NoiDung`, `Hinh`, `NoiBat`, `SoLuotXem`, `idTheLoai`, `created_at`, `updated_at`) VALUES
(43, 'Du lịch kết hợp mua sắm Tết tại Trung Quốc', 'Du-Lich-Ket-Hop-Mua-Sam-Tet-Tai-Trung-Quoc', 'Hai tour du lịch kết hợp mua sắm Tết tại Trung Quốc là Nam Ninh - Quảng Châu và Thượng Hải - Hàng Châu - Tô Châu phục vụ du khách có nhu cầu mua sắm trong mùa siêu giảm giá trước Tết Nguyên đán.', '<p>Lorem ipsum dolor sit amet, consectetur adipiscing elit. Mauris suscipit ullamcorper turpis scelerisque ullamcorper. Aliquam interdum mi in ipsum tristique, at dignissim dui viverra. Maecenas eleifend tristique magna non faucibus. Aliquam erat volutpat. Aenean et metus ipsum. Nulla pulvinar, ante quis semper aliquam, lacus arcu tincidunt metus, sed auctor velit nulla sit amet risus. Maecenas elit est, rutrum malesuada semper ut, molestie quis dui. Vivamus rhoncus, leo placerat aliquam tincidunt, sem risus dictum sem, sed tincidunt odio est non orci. Vivamus facilisis lectus sed augue euismod, a malesuada neque pellentesque. Aenean tristique leo nisl, nec auctor sapien fermentum quis. Etiam ligula ligula, facilisis quis tellus id, finibus dictum massa. Pellentesque feugiat congue aliquet. Ut quis lacus et risus mollis finibus ac id ante.', 'Hang-Chau--Trung-Quoc.jpg', 1, 0, 3, NULL, NULL),
(44, 'Ngăn chặn hiện tượng tiêu cực mùa lễ hội', 'Ngan-Chan-Hien-Tuong-Tieu-Cuc-Mua-Le-Hoi', 'Bộ Văn hóa Thể thao và Du lịch vừa chỉ đạo các khách sạn, cơ sở lưu trú du lịch đảm bảo an toàn vệ sinh thực phẩm, không tăng giá, ép giá đối với du khách dịp tết Tân Mão.', '<p>Lorem ipsum dolor sit amet, consectetur adipiscing elit. Mauris suscipit ullamcorper turpis scelerisque ullamcorper. Aliquam interdum mi in ipsum tristique, at dignissim dui viverra. Maecenas eleifend tristique magna non faucibus. Aliquam erat volutpat. Aenean et metus ipsum. Nulla pulvinar, ante quis semper aliquam, lacus arcu tincidunt metus, sed auctor velit nulla sit amet risus. Maecenas elit est, rutrum malesuada semper ut, molestie quis dui. Vivamus rhoncus, leo placerat aliquam tincidunt, sem risus dictum sem, sed tincidunt odio est non orci. Vivamus facilisis lectus sed augue euismod, a malesuada neque pellentesque. Aenean tristique leo nisl, nec auctor sapien fermentum quis. Etiam ligula ligula, facilisis quis tellus id, finibus dictum massa. Pellentesque feugiat congue aliquet. Ut quis lacus et risus mollis finibus ac id ante.', 'a4.jpg', 1, 0, 8, NULL, NULL),
(45, '14 ngày trải nghiệm tại 3 quốc gia châu Âu', '14-Ngay-Trai-Nghiem-Tai-3-Quoc-Gia-Chau-Au', 'Với chuyến đi 14 ngày, bạn sẽ được tới thăm 3 quốc gia châu Âu gồm kinh đô ánh sáng - Pháp, ngã tư của các nền văn minh châu Âu - Thụy Sĩ và cái nôi của nền nghệ thuật thế giới - Italy.', '<p>Lorem ipsum dolor sit amet, consectetur adipiscing elit. Mauris suscipit ullamcorper turpis scelerisque ullamcorper. Aliquam interdum mi in ipsum tristique, at dignissim dui viverra. Maecenas eleifend tristique magna non faucibus. Aliquam erat volutpat. Aenean et metus ipsum. Nulla pulvinar, ante quis semper aliquam, lacus arcu tincidunt metus, sed auctor velit nulla sit amet risus. Maecenas elit est, rutrum malesuada semper ut, molestie quis dui. Vivamus rhoncus, leo placerat aliquam tincidunt, sem risus dictum sem, sed tincidunt odio est non orci. Vivamus facilisis lectus sed augue euismod, a malesuada neque pellentesque. Aenean tristique leo nisl, nec auctor sapien fermentum quis. Etiam ligula ligula, facilisis quis tellus id, finibus dictum massa. Pellentesque feugiat congue aliquet. Ut quis lacus et risus mollis finibus ac id ante.', 'chau-au.jpg', 1, 0, 3, NULL, NULL),
(46, 'Noel và năm mới tại Vinpearl Resort & Spa', 'Noel-Va-Nam-Moi-Tai-Vinpearl-Resort---Spa', 'Ngày 24, 25/12, khách du lịch ở tại Vinpearl Resort & Spa sẽ được tham gia các hoạt động vui chơi ngoài trời vui nhộn. Vào ngày 31/12, tiệc đón năm mới sẽ được tổ chức trong không gian ấm cúng với nến, rượu vang, chocolate.', '<p>Lorem ipsum dolor sit amet, consectetur adipiscing elit. Mauris suscipit ullamcorper turpis scelerisque ullamcorper. Aliquam interdum mi in ipsum tristique, at dignissim dui viverra. Maecenas eleifend tristique magna non faucibus. Aliquam erat volutpat. Aenean et metus ipsum. Nulla pulvinar, ante quis semper aliquam, lacus arcu tincidunt metus, sed auctor velit nulla sit amet risus. Maecenas elit est, rutrum malesuada semper ut, molestie quis dui. Vivamus rhoncus, leo placerat aliquam tincidunt, sem risus dictum sem, sed tincidunt odio est non orci. Vivamus facilisis lectus sed augue euismod, a malesuada neque pellentesque. Aenean tristique leo nisl, nec auctor sapien fermentum quis. Etiam ligula ligula, facilisis quis tellus id, finibus dictum massa. Pellentesque feugiat congue aliquet. Ut quis lacus et risus mollis finibus ac id ante.', '8.jpg', 1, 0, 8, NULL, NULL),
(47, 'Huế lung linh sắc màu đón Giáng sinh', 'Hue-Lung-Linh-Sac-Mau-Don-Giang-Sinh', 'Không khí Giáng sinh đến Huế muộn hơn Sài Gòn, Hà Nội, nhưng không vì thế mà làm giảm đi sắc màu lung linh. Khắp các ngả đường của cố đô ngập tràn ánh đèn điện trang hoàng cho đêm Noel đang cận kề.', '<p>Lorem ipsum dolor sit amet, consectetur adipiscing elit. Mauris suscipit ullamcorper turpis scelerisque ullamcorper. Aliquam interdum mi in ipsum tristique, at dignissim dui viverra. Maecenas eleifend tristique magna non faucibus. Aliquam erat volutpat. Aenean et metus ipsum. Nulla pulvinar, ante quis semper aliquam, lacus arcu tincidunt metus, sed auctor velit nulla sit amet risus. Maecenas elit est, rutrum malesuada semper ut, molestie quis dui. Vivamus rhoncus, leo placerat aliquam tincidunt, sem risus dictum sem, sed tincidunt odio est non orci. Vivamus facilisis lectus sed augue euismod, a malesuada neque pellentesque. Aenean tristique leo nisl, nec auctor sapien fermentum quis. Etiam ligula ligula, facilisis quis tellus id, finibus dictum massa. Pellentesque feugiat congue aliquet. Ut quis lacus et risus mollis finibus ac id ante.', 'doi.jpg', 1, 0, 3, NULL, NULL),
(48, 'Ana Mandara Villas Dalat lưu giữ kiến trúc Pháp cổ', 'Ana-Mandara-Villas-Dalat-Luu-Giu-Kien-Truc-Phap-Co', 'Khu nghỉ Ana Mandara Villas Dalat được trùng tu nguyên vẹn kiến trúc cổ biệt thự Pháp, đan xen trang trí vật dụng xưa làm toát lên vẻ quyền uy của giới thượng lưu.', '<p>Lorem ipsum dolor sit amet, consectetur adipiscing elit. Mauris suscipit ullamcorper turpis scelerisque ullamcorper. Aliquam interdum mi in ipsum tristique, at dignissim dui viverra. Maecenas eleifend tristique magna non faucibus. Aliquam erat volutpat. Aenean et metus ipsum. Nulla pulvinar, ante quis semper aliquam, lacus arcu tincidunt metus, sed auctor velit nulla sit amet risus. Maecenas elit est, rutrum malesuada semper ut, molestie quis dui. Vivamus rhoncus, leo placerat aliquam tincidunt, sem risus dictum sem, sed tincidunt odio est non orci. Vivamus facilisis lectus sed augue euismod, a malesuada neque pellentesque. Aenean tristique leo nisl, nec auctor sapien fermentum quis. Etiam ligula ligula, facilisis quis tellus id, finibus dictum massa. Pellentesque feugiat congue aliquet. Ut quis lacus et risus mollis finibus ac id ante.', 'du-lich1 (1).jpg', 1, 0, 2, NULL, NULL),
(49, 'Khám phá Đài Loan', 'Kham-Pha-Dai-Loan', 'Tòa tháp cao thứ hai thế giới, sông tình yêu, hội chợ hoa quốc tế, Nhật Nguyệt Đàm hay những điểm vui chơi được xem là hiện đại bậc nhất trong khu vực đã hút một lượng khách khá lớn đến Đài Loan.', '<p>Lorem ipsum dolor sit amet, consectetur adipiscing elit. Mauris suscipit ullamcorper turpis scelerisque ullamcorper. Aliquam interdum mi in ipsum tristique, at dignissim dui viverra. Maecenas eleifend tristique magna non faucibus. Aliquam erat volutpat. Aenean et metus ipsum. Nulla pulvinar, ante quis semper aliquam, lacus arcu tincidunt metus, sed auctor velit nulla sit amet risus. Maecenas elit est, rutrum malesuada semper ut, molestie quis dui. Vivamus rhoncus, leo placerat aliquam tincidunt, sem risus dictum sem, sed tincidunt odio est non orci. Vivamus facilisis lectus sed augue euismod, a malesuada neque pellentesque. Aenean tristique leo nisl, nec auctor sapien fermentum quis. Etiam ligula ligula, facilisis quis tellus id, finibus dictum massa. Pellentesque feugiat congue aliquet. Ut quis lacus et risus mollis finibus ac id ante.', 'canh.jpg', 1, 0, 2, NULL, NULL),
(50, 'Nghỉ dưỡng tại Evason Ana Mandara Nha Trang', 'Nghi-Duong-Tai-Evason-Ana-Mandara-Nha-Trang', 'Khu du lịch Evason Ana Mandara Nha Trang được xây dựng trong khuôn viên 26.000 m2 bao quanh bởi khu vườn nhiệt đới riêng biệt nhìn ra biển.', '<p>Lorem ipsum dolor sit amet, consectetur adipiscing elit. Mauris suscipit ullamcorper turpis scelerisque ullamcorper. Aliquam interdum mi in ipsum tristique, at dignissim dui viverra. Maecenas eleifend tristique magna non faucibus. Aliquam erat volutpat. Aenean et metus ipsum. Nulla pulvinar, ante quis semper aliquam, lacus arcu tincidunt metus, sed auctor velit nulla sit amet risus. Maecenas elit est, rutrum malesuada semper ut, molestie quis dui. Vivamus rhoncus, leo placerat aliquam tincidunt, sem risus dictum sem, sed tincidunt odio est non orci. Vivamus facilisis lectus sed augue euismod, a malesuada neque pellentesque. Aenean tristique leo nisl, nec auctor sapien fermentum quis. Etiam ligula ligula, facilisis quis tellus id, finibus dictum massa. Pellentesque feugiat congue aliquet. Ut quis lacus et risus mollis finibus ac id ante.', 'nha-trang-2.jpg', 1, 0, 2, NULL, NULL),
(51, 'Lên mái nhà của châu Âu', 'Len-Mai-Nha-Cua-Chau-Au', 'Cao 3.454 m, ngọn núi Jungfrau cao nhất thuộc dãy Alps (Thụy Sĩ) quanh năm tuyết phủ. Du khách như lạc trong thế giới truyện cổ tích với những ngôi nhà thơ mộng phủ tuyết trắng xóa bên sườn núi, trong cảnh thiên nhiên hùng vĩ. VnExpress.net ghi nhận một số hình ảnh trên mái nhà châu Âu.', '<p>Lorem ipsum dolor sit amet, consectetur adipiscing elit. Mauris suscipit ullamcorper turpis scelerisque ullamcorper. Aliquam interdum mi in ipsum tristique, at dignissim dui viverra. Maecenas eleifend tristique magna non faucibus. Aliquam erat volutpat. Aenean et metus ipsum. Nulla pulvinar, ante quis semper aliquam, lacus arcu tincidunt metus, sed auctor velit nulla sit amet risus. Maecenas elit est, rutrum malesuada semper ut, molestie quis dui. Vivamus rhoncus, leo placerat aliquam tincidunt, sem risus dictum sem, sed tincidunt odio est non orci. Vivamus facilisis lectus sed augue euismod, a malesuada neque pellentesque. Aenean tristique leo nisl, nec auctor sapien fermentum quis. Etiam ligula ligula, facilisis quis tellus id, finibus dictum massa. Pellentesque feugiat congue aliquet. Ut quis lacus et risus mollis finibus ac id ante.', '14.jpg', 1, 0, 9, NULL, NULL),
(52, 'Sắc màu văn hóa Ấn Độ trên đất Singapore', 'Sac-Mau-Van-Hoa-An-Do-Tren-Dat-Singapore', 'Các thiếu nữ say sưa trong điệu múa truyền thống, người đàn ông bước đi trên than nóng..., lễ hội Ánh sáng của người Ấn trên đảo quốc sư tử đã thu hút sự chú ý của đông đảo người dân bản địa và du khách nước ngoài.', '<p>Lorem ipsum dolor sit amet, consectetur adipiscing elit. Mauris suscipit ullamcorper turpis scelerisque ullamcorper. Aliquam interdum mi in ipsum tristique, at dignissim dui viverra. Maecenas eleifend tristique magna non faucibus. Aliquam erat volutpat. Aenean et metus ipsum. Nulla pulvinar, ante quis semper aliquam, lacus arcu tincidunt metus, sed auctor velit nulla sit amet risus. Maecenas elit est, rutrum malesuada semper ut, molestie quis dui. Vivamus rhoncus, leo placerat aliquam tincidunt, sem risus dictum sem, sed tincidunt odio est non orci. Vivamus facilisis lectus sed augue euismod, a malesuada neque pellentesque. Aenean tristique leo nisl, nec auctor sapien fermentum quis. Etiam ligula ligula, facilisis quis tellus id, finibus dictum massa. Pellentesque feugiat congue aliquet. Ut quis lacus et risus mollis finibus ac id ante.', 'anh-sang8.jpg', 1, 0, 9, NULL, NULL),
(53, 'Disneyland - nơi giấc mơ cổ tích trở thành sự thực', 'Disneyland---Noi-Giac-Mo-Co-Tich-Tro-Thanh-Su-Thuc', 'Đây là địa điểm tôi thích nhất trong chuyến du ngoạn Hong Kong mùa thu năm nay vì những cảm xúc có được ở đây là những cảm xúc tuyệt vời nhất mà tôi không thể nào quên được. Bạn Nguyễn Thu Hà chia sẻ', '<p>Lorem ipsum dolor sit amet, consectetur adipiscing elit. Mauris suscipit ullamcorper turpis scelerisque ullamcorper. Aliquam interdum mi in ipsum tristique, at dignissim dui viverra. Maecenas eleifend tristique magna non faucibus. Aliquam erat volutpat. Aenean et metus ipsum. Nulla pulvinar, ante quis semper aliquam, lacus arcu tincidunt metus, sed auctor velit nulla sit amet risus. Maecenas elit est, rutrum malesuada semper ut, molestie quis dui. Vivamus rhoncus, leo placerat aliquam tincidunt, sem risus dictum sem, sed tincidunt odio est non orci. Vivamus facilisis lectus sed augue euismod, a malesuada neque pellentesque. Aenean tristique leo nisl, nec auctor sapien fermentum quis. Etiam ligula ligula, facilisis quis tellus id, finibus dictum massa. Pellentesque feugiat congue aliquet. Ut quis lacus et risus mollis finibus ac id ante.', '3.jpg', 1, 0, 9, NULL, NULL),
(54, 'Thắng cảnh suối nước Vàng', 'Thang-Canh-Suoi-Nuoc-Vang', 'Cách thành phố Bắc Giang chừng 60 km về phía đông bắc, thắng cảnh nước Vàng ở xã Lục Sơn (Lục Nam, Bắc Giang) thuộc khu bảo tồn thiên nhiên Tây Yên Tử là điểm đến đầy kỳ thú cho các chuyến dã ngoại của những du khách “bụi” đi tìm cảm giác mạnh. Độc giả Nguyễn Văn Hưởng viết.', '<p>Lorem ipsum dolor sit amet, consectetur adipiscing elit. Mauris suscipit ullamcorper turpis scelerisque ullamcorper. Aliquam interdum mi in ipsum tristique, at dignissim dui viverra. Maecenas eleifend tristique magna non faucibus. Aliquam erat volutpat. Aenean et metus ipsum. Nulla pulvinar, ante quis semper aliquam, lacus arcu tincidunt metus, sed auctor velit nulla sit amet risus. Maecenas elit est, rutrum malesuada semper ut, molestie quis dui. Vivamus rhoncus, leo placerat aliquam tincidunt, sem risus dictum sem, sed tincidunt odio est non orci. Vivamus facilisis lectus sed augue euismod, a malesuada neque pellentesque. Aenean tristique leo nisl, nec auctor sapien fermentum quis. Etiam ligula ligula, facilisis quis tellus id, finibus dictum massa. Pellentesque feugiat congue aliquet. Ut quis lacus et risus mollis finibus ac id ante.', '1.jpg', 1, 0, 2, NULL, NULL),
(55, 'Nghỉ mát ở thành phố Cebu ', 'Nghi-Mat-O-Thanh-Pho-Cebu', 'Cách Manila 365 dặm về phía nam, Cebu được coi là một trung tâm hành chính thứ hai của Philippines. Cebu còn nổi tiếng bởi những bãi cát trắng sạch và nước biển trong xanh như pha lê. Bạn Kenji Chen chia sẻ. ', '<p>Lorem ipsum dolor sit amet, consectetur adipiscing elit. Mauris suscipit ullamcorper turpis scelerisque ullamcorper. Aliquam interdum mi in ipsum tristique, at dignissim dui viverra. Maecenas eleifend tristique magna non faucibus. Aliquam erat volutpat. Aenean et metus ipsum. Nulla pulvinar, ante quis semper aliquam, lacus arcu tincidunt metus, sed auctor velit nulla sit amet risus. Maecenas elit est, rutrum malesuada semper ut, molestie quis dui. Vivamus rhoncus, leo placerat aliquam tincidunt, sem risus dictum sem, sed tincidunt odio est non orci. Vivamus facilisis lectus sed augue euismod, a malesuada neque pellentesque. Aenean tristique leo nisl, nec auctor sapien fermentum quis. Etiam ligula ligula, facilisis quis tellus id, finibus dictum massa. Pellentesque feugiat congue aliquet. Ut quis lacus et risus mollis finibus ac id ante.', '2.jpg', 1, 0, 3, NULL, NULL),
(56, 'Nhiều tour khám phá Hà Nội dịp đại lễ', 'Nhieu-Tour-Kham-Pha-Ha-Noi-Dip-Dai-Le', 'Các công ty du lịch ở Hà Nội ồ ạt tung ra nhiều tour khám phá phố cổ, thăm các võ đường hay đến kinh đô Việt cổ để phục vụ du khách muốn tìm hiểu thắng cảnh, văn hóa đất Tràng An.', '<p>Lorem ipsum dolor sit amet, consectetur adipiscing elit. Mauris suscipit ullamcorper turpis scelerisque ullamcorper. Aliquam interdum mi in ipsum tristique, at dignissim dui viverra. Maecenas eleifend tristique magna non faucibus. Aliquam erat volutpat. Aenean et metus ipsum. Nulla pulvinar, ante quis semper aliquam, lacus arcu tincidunt metus, sed auctor velit nulla sit amet risus. Maecenas elit est, rutrum malesuada semper ut, molestie quis dui. Vivamus rhoncus, leo placerat aliquam tincidunt, sem risus dictum sem, sed tincidunt odio est non orci. Vivamus facilisis lectus sed augue euismod, a malesuada neque pellentesque. Aenean tristique leo nisl, nec auctor sapien fermentum quis. Etiam ligula ligula, facilisis quis tellus id, finibus dictum massa. Pellentesque feugiat congue aliquet. Ut quis lacus et risus mollis finibus ac id ante.', '9.jpg', 1, 0, 9, NULL, NULL),
(57, 'Du lịch các nước châu Á - Thái Bình Dương bằng tàu biển', 'Du-Lich-Cac-Nuoc-Chau-A---Thai-Binh-Duong-Bang-Tau-Bien', 'Bạn có thể tới thăm Singapore hay Hong Kong - Nhật Bản bằng du thuyền cao cấp với giá hấp dẫn 16.030.000 đồng và 49.700.000 đồng.', '<p>Lorem ipsum dolor sit amet, consectetur adipiscing elit. Mauris suscipit ullamcorper turpis scelerisque ullamcorper. Aliquam interdum mi in ipsum tristique, at dignissim dui viverra. Maecenas eleifend tristique magna non faucibus. Aliquam erat volutpat. Aenean et metus ipsum. Nulla pulvinar, ante quis semper aliquam, lacus arcu tincidunt metus, sed auctor velit nulla sit amet risus. Maecenas elit est, rutrum malesuada semper ut, molestie quis dui. Vivamus rhoncus, leo placerat aliquam tincidunt, sem risus dictum sem, sed tincidunt odio est non orci. Vivamus facilisis lectus sed augue euismod, a malesuada neque pellentesque. Aenean tristique leo nisl, nec auctor sapien fermentum quis. Etiam ligula ligula, facilisis quis tellus id, finibus dictum massa. Pellentesque feugiat congue aliquet. Ut quis lacus et risus mollis finibus ac id ante.', '9 (1).jpg', 1, 0, 3, NULL, NULL),
(58, 'Team building - tour du lịch khám phá TP HCM', 'Team-Building---Tour-Du-Lich-Kham-Pha-Tp-Hcm', 'Chương trình giúp các nhóm khách lần đầu đặt chân đến TP HCM có thể tự mình khám phá, cảm nhận, hiểu khái quát nét văn hóa, ẩm thực, con người nơi đây... chỉ trong vài giờ tham quan.', '<p>Lorem ipsum dolor sit amet, consectetur adipiscing elit. Mauris suscipit ullamcorper turpis scelerisque ullamcorper. Aliquam interdum mi in ipsum tristique, at dignissim dui viverra. Maecenas eleifend tristique magna non faucibus. Aliquam erat volutpat. Aenean et metus ipsum. Nulla pulvinar, ante quis semper aliquam, lacus arcu tincidunt metus, sed auctor velit nulla sit amet risus. Maecenas elit est, rutrum malesuada semper ut, molestie quis dui. Vivamus rhoncus, leo placerat aliquam tincidunt, sem risus dictum sem, sed tincidunt odio est non orci. Vivamus facilisis lectus sed augue euismod, a malesuada neque pellentesque. Aenean tristique leo nisl, nec auctor sapien fermentum quis. Etiam ligula ligula, facilisis quis tellus id, finibus dictum massa. Pellentesque feugiat congue aliquet. Ut quis lacus et risus mollis finibus ac id ante.', 'DSC_4142 400x266.jpg', 1, 0, 9, NULL, NULL),
(59, 'Nhớ hương Fanxifan', 'Nho-Huong-Fanxifan', 'Trong mỗi người trẻ tuổi, luôn có một khát khao. Với tôi, đỉnh Fanxifan, nóc nhà Đông Dương chính là trường dạy cho giới trẻ khát vọng chinh phục. Bạn Phạm Thị Tốt chia sẻ.', '<p>Lorem ipsum dolor sit amet, consectetur adipiscing elit. Mauris suscipit ullamcorper turpis scelerisque ullamcorper. Aliquam interdum mi in ipsum tristique, at dignissim dui viverra. Maecenas eleifend tristique magna non faucibus. Aliquam erat volutpat. Aenean et metus ipsum. Nulla pulvinar, ante quis semper aliquam, lacus arcu tincidunt metus, sed auctor velit nulla sit amet risus. Maecenas elit est, rutrum malesuada semper ut, molestie quis dui. Vivamus rhoncus, leo placerat aliquam tincidunt, sem risus dictum sem, sed tincidunt odio est non orci. Vivamus facilisis lectus sed augue euismod, a malesuada neque pellentesque. Aenean tristique leo nisl, nec auctor sapien fermentum quis. Etiam ligula ligula, facilisis quis tellus id, finibus dictum massa. Pellentesque feugiat congue aliquet. Ut quis lacus et risus mollis finibus ac id ante.', '1 (2).jpg', 1, 0, 3, NULL, NULL),
(60, 'Phố phường Hà Nội rực rỡ trước đại lễ', 'Pho-Phuong-Ha-Noi-Ruc-Ro-Truoc-Dai-Le', '20 ngày trước đại lễ nghìn năm, đường phố Hà Nội rực rỡ ánh đèn cùng những hình tượng hoa văn màu sắc. Hồ Gươm như lung linh hơn.', '<p>Lorem ipsum dolor sit amet, consectetur adipiscing elit. Mauris suscipit ullamcorper turpis scelerisque ullamcorper. Aliquam interdum mi in ipsum tristique, at dignissim dui viverra. Maecenas eleifend tristique magna non faucibus. Aliquam erat volutpat. Aenean et metus ipsum. Nulla pulvinar, ante quis semper aliquam, lacus arcu tincidunt metus, sed auctor velit nulla sit amet risus. Maecenas elit est, rutrum malesuada semper ut, molestie quis dui. Vivamus rhoncus, leo placerat aliquam tincidunt, sem risus dictum sem, sed tincidunt odio est non orci. Vivamus facilisis lectus sed augue euismod, a malesuada neque pellentesque. Aenean tristique leo nisl, nec auctor sapien fermentum quis. Etiam ligula ligula, facilisis quis tellus id, finibus dictum massa. Pellentesque feugiat congue aliquet. Ut quis lacus et risus mollis finibus ac id ante.', 'dienbienphu.jpg', 1, 0, 7, NULL, NULL),
(61, 'Một chuyến đi Hà Giang', 'Mot-Chuyen-Di-Ha-Giang', 'Ngày 30 cả đoàn được đi trên con đường đèo uốn lượn, những vòng cua nhỏ sát ngay mép vực khiến các xế thả sức nghiêng mình nằm trọn trong vòng ôm của đèo. Bạn Đỗ Quang Trung viết về chuyến đi Hà Giang.', '<p>Lorem ipsum dolor sit amet, consectetur adipiscing elit. Mauris suscipit ullamcorper turpis scelerisque ullamcorper. Aliquam interdum mi in ipsum tristique, at dignissim dui viverra. Maecenas eleifend tristique magna non faucibus. Aliquam erat volutpat. Aenean et metus ipsum. Nulla pulvinar, ante quis semper aliquam, lacus arcu tincidunt metus, sed auctor velit nulla sit amet risus. Maecenas elit est, rutrum malesuada semper ut, molestie quis dui. Vivamus rhoncus, leo placerat aliquam tincidunt, sem risus dictum sem, sed tincidunt odio est non orci. Vivamus facilisis lectus sed augue euismod, a malesuada neque pellentesque. Aenean tristique leo nisl, nec auctor sapien fermentum quis. Etiam ligula ligula, facilisis quis tellus id, finibus dictum massa. Pellentesque feugiat congue aliquet. Ut quis lacus et risus mollis finibus ac id ante.', 'a21.jpg', 1, 0, 7, NULL, NULL),
(62, 'Simacai hoang vắng', 'Simacai-Hoang-Vang', 'Simacai (Lào Cai) nhiệt độ trung bình ngày luôn 15 độ C, cảnh sắc thiên nhiên rực rỡ và lòng người nồng nhiệt sẽ làm dịu lòng du khách sau chuyến vượt rừng vất vả để tới đây. Bạn Nguyễn Thị Giang chia sẻ hình ảnh vùng cao.', '<p>Lorem ipsum dolor sit amet, consectetur adipiscing elit. Mauris suscipit ullamcorper turpis scelerisque ullamcorper. Aliquam interdum mi in ipsum tristique, at dignissim dui viverra. Maecenas eleifend tristique magna non faucibus. Aliquam erat volutpat. Aenean et metus ipsum. Nulla pulvinar, ante quis semper aliquam, lacus arcu tincidunt metus, sed auctor velit nulla sit amet risus. Maecenas elit est, rutrum malesuada semper ut, molestie quis dui. Vivamus rhoncus, leo placerat aliquam tincidunt, sem risus dictum sem, sed tincidunt odio est non orci. Vivamus facilisis lectus sed augue euismod, a malesuada neque pellentesque. Aenean tristique leo nisl, nec auctor sapien fermentum quis. Etiam ligula ligula, facilisis quis tellus id, finibus dictum massa. Pellentesque feugiat congue aliquet. Ut quis lacus et risus mollis finibus ac id ante.', '5 (1).jpg', 1, 0, 7, NULL, NULL),
(63, 'Tư vấn du lịch Cửu Trại Câu', 'Tu-Van-Du-Lich-Cuu-Trai-Cau', 'ửu Trại Câu là một địa danh khá đẹp và nổi tiếng nằm ở phía bắc, tỉnh Tứ Xuyên - Trung Quốc. Hành trình đi tới đó cũng khá phức tạp và vận chuyển dưới nhiều hình thức khá phức tạp, do vậy du lịch “bụi” chỉ phù hợp với các bạn trẻ ưa thích khám phá, nếu bạn ở tuổi trung tuổi thì nên đi theo tour do các hãng lữ hành tổ chức. Hiện có rất nhiều hãng lữ hành đã triển khai bán sản phẩm này có tham quan Thành Đô - Nga My Sơn và Cửu Trại Câu.', '<p>Lorem ipsum dolor sit amet, consectetur adipiscing elit. Mauris suscipit ullamcorper turpis scelerisque ullamcorper. Aliquam interdum mi in ipsum tristique, at dignissim dui viverra. Maecenas eleifend tristique magna non faucibus. Aliquam erat volutpat. Aenean et metus ipsum. Nulla pulvinar, ante quis semper aliquam, lacus arcu tincidunt metus, sed auctor velit nulla sit amet risus. Maecenas elit est, rutrum malesuada semper ut, molestie quis dui. Vivamus rhoncus, leo placerat aliquam tincidunt, sem risus dictum sem, sed tincidunt odio est non orci. Vivamus facilisis lectus sed augue euismod, a malesuada neque pellentesque. Aenean tristique leo nisl, nec auctor sapien fermentum quis. Etiam ligula ligula, facilisis quis tellus id, finibus dictum massa. Pellentesque feugiat congue aliquet. Ut quis lacus et risus mollis finibus ac id ante.', '_nh-91.jpg', 1, 0, 7, NULL, NULL),
(64, 'Shangri-La thung lũng huyền thoại', 'Shangri-La-Thung-Lung-Huyen-Thoai', 'Thành phố Shangri-La thuộc tỉnh Vân Nam, Trung Quốc là điểm du lịch hấp dẫn với cảnh quan thiên nhiên tươi đẹp, những ngôi chùa theo kiến trúc Phật giáo Tây Tạng…', '<p>Lorem ipsum dolor sit amet, consectetur adipiscing elit. Mauris suscipit ullamcorper turpis scelerisque ullamcorper. Aliquam interdum mi in ipsum tristique, at dignissim dui viverra. Maecenas eleifend tristique magna non faucibus. Aliquam erat volutpat. Aenean et metus ipsum. Nulla pulvinar, ante quis semper aliquam, lacus arcu tincidunt metus, sed auctor velit nulla sit amet risus. Maecenas elit est, rutrum malesuada semper ut, molestie quis dui. Vivamus rhoncus, leo placerat aliquam tincidunt, sem risus dictum sem, sed tincidunt odio est non orci. Vivamus facilisis lectus sed augue euismod, a malesuada neque pellentesque. Aenean tristique leo nisl, nec auctor sapien fermentum quis. Etiam ligula ligula, facilisis quis tellus id, finibus dictum massa. Pellentesque feugiat congue aliquet. Ut quis lacus et risus mollis finibus ac id ante.', 'dulich2.jpg', 1, 0, 7, NULL, NULL),
(65, 'Công viên đá ở Côn Minh', 'Cong-Vien-Da-O-Con-Minh', 'Tạo hóa đã ưu ái cho Thạch Lâm (Côn Minh, Vân Nam, Trung Quốc) một phong cảnh thần tiên của đá và nước. Những cột đá nằm trong một khu vực rộng tới 350 km2, tập trung nhất là khu công viên đá Thạch Lâm.', '<p>Lorem ipsum dolor sit amet, consectetur adipiscing elit. Mauris suscipit ullamcorper turpis scelerisque ullamcorper. Aliquam interdum mi in ipsum tristique, at dignissim dui viverra. Maecenas eleifend tristique magna non faucibus. Aliquam erat volutpat. Aenean et metus ipsum. Nulla pulvinar, ante quis semper aliquam, lacus arcu tincidunt metus, sed auctor velit nulla sit amet risus. Maecenas elit est, rutrum malesuada semper ut, molestie quis dui. Vivamus rhoncus, leo placerat aliquam tincidunt, sem risus dictum sem, sed tincidunt odio est non orci. Vivamus facilisis lectus sed augue euismod, a malesuada neque pellentesque. Aenean tristique leo nisl, nec auctor sapien fermentum quis. Etiam ligula ligula, facilisis quis tellus id, finibus dictum massa. Pellentesque feugiat congue aliquet. Ut quis lacus et risus mollis finibus ac id ante.', '1 (3).jpg', 1, 0, 3, NULL, NULL),
(66, 'Học sinh Hà Nội dự kiến nghỉ Tết 11 ngày', 'Hoc-Sinh-Ha-Noi-Du-Kien-Nghi-Tet-11-Ngay', 'Ngày 6/1, Sở Giáo dục Đào tạo đã có tờ trình gửi UBND Hà Nội đề xuất thời gian nghỉ Tết Tân Mão của ngành giáo dục là 11 ngày. ', '<p>Lorem ipsum dolor sit amet, consectetur adipiscing elit. Mauris suscipit ullamcorper turpis scelerisque ullamcorper. Aliquam interdum mi in ipsum tristique, at dignissim dui viverra. Maecenas eleifend tristique magna non faucibus. Aliquam erat volutpat. Aenean et metus ipsum. Nulla pulvinar, ante quis semper aliquam, lacus arcu tincidunt metus, sed auctor velit nulla sit amet risus. Maecenas elit est, rutrum malesuada semper ut, molestie quis dui. Vivamus rhoncus, leo placerat aliquam tincidunt, sem risus dictum sem, sed tincidunt odio est non orci. Vivamus facilisis lectus sed augue euismod, a malesuada neque pellentesque. Aenean tristique leo nisl, nec auctor sapien fermentum quis. Etiam ligula ligula, facilisis quis tellus id, finibus dictum massa. Pellentesque feugiat congue aliquet. Ut quis lacus et risus mollis finibus ac id ante.', 'hs-gialanh13.jpg', 1, 0, 4, NULL, NULL),
(67, 'Tổ hợp hỗ trợ giáo dục ở THPT hiện đại nhất thủ đô', 'To-Hop-Ho-Tro-Giao-Duc-O-Thpt-Hien-Dai-Nhat-Thu-Do', 'Sáng 5/1, tổ hợp hỗ trợ giáo dục tiên tiến Amsers’ Town đã được khai trương tại trường THPT chuyên Hà Nội – Amsterdam trong sự hào hứng của học sinh.', '<p>Lorem ipsum dolor sit amet, consectetur adipiscing elit. Mauris suscipit ullamcorper turpis scelerisque ullamcorper. Aliquam interdum mi in ipsum tristique, at dignissim dui viverra. Maecenas eleifend tristique magna non faucibus. Aliquam erat volutpat. Aenean et metus ipsum. Nulla pulvinar, ante quis semper aliquam, lacus arcu tincidunt metus, sed auctor velit nulla sit amet risus. Maecenas elit est, rutrum malesuada semper ut, molestie quis dui. Vivamus rhoncus, leo placerat aliquam tincidunt, sem risus dictum sem, sed tincidunt odio est non orci. Vivamus facilisis lectus sed augue euismod, a malesuada neque pellentesque. Aenean tristique leo nisl, nec auctor sapien fermentum quis. Etiam ligula ligula, facilisis quis tellus id, finibus dictum massa. Pellentesque feugiat congue aliquet. Ut quis lacus et risus mollis finibus ac id ante.', 'thu-vien.jpg', 1, 0, 4, NULL, NULL),
(68, 'Hỗ trợ gần 3.000 vé xe tết cho sinh viên', 'Ho-Tro-Gan-3.000-Ve-Xe-Tet-Cho-Sinh-Vien', 'Khoảng 2.700 sinh viên ngoại tỉnh có hoàn cảnh khó khăn, đang học tập tại TP HCM sẽ được tặng vé xe miễn phí về quê trong dịp tết Tân Mão.', '<p>Lorem ipsum dolor sit amet, consectetur adipiscing elit. Mauris suscipit ullamcorper turpis scelerisque ullamcorper. Aliquam interdum mi in ipsum tristique, at dignissim dui viverra. Maecenas eleifend tristique magna non faucibus. Aliquam erat volutpat. Aenean et metus ipsum. Nulla pulvinar, ante quis semper aliquam, lacus arcu tincidunt metus, sed auctor velit nulla sit amet risus. Maecenas elit est, rutrum malesuada semper ut, molestie quis dui. Vivamus rhoncus, leo placerat aliquam tincidunt, sem risus dictum sem, sed tincidunt odio est non orci. Vivamus facilisis lectus sed augue euismod, a malesuada neque pellentesque. Aenean tristique leo nisl, nec auctor sapien fermentum quis. Etiam ligula ligula, facilisis quis tellus id, finibus dictum massa. Pellentesque feugiat congue aliquet. Ut quis lacus et risus mollis finibus ac id ante.', 'sinhvien[1].jpg', 1, 0, 4, NULL, NULL),
(69, 'Mái nhà xanh giúp trẻ giảm sốc lần đầu đi học', '', 'Nằm nép trong góc sân trường Măng non 1, quận 10, TP HCM là căn phòng nhỏ được bày trí bắt mắt với đủ loại tranh vẽ, vật dụng, đồ chơi hình con vật ngộ nghĩnh. Đây là không gian dành cho bé tập làm quen trước khi đi học.', '<p>Lorem ipsum dolor sit amet, consectetur adipiscing elit. Mauris suscipit ullamcorper turpis scelerisque ullamcorper. Aliquam interdum mi in ipsum tristique, at dignissim dui viverra. Maecenas eleifend tristique magna non faucibus. Aliquam erat volutpat. Aenean et metus ipsum. Nulla pulvinar, ante quis semper aliquam, lacus arcu tincidunt metus, sed auctor velit nulla sit amet risus. Maecenas elit est, rutrum malesuada semper ut, molestie quis dui. Vivamus rhoncus, leo placerat aliquam tincidunt, sem risus dictum sem, sed tincidunt odio est non orci. Vivamus facilisis lectus sed augue euismod, a malesuada neque pellentesque. Aenean tristique leo nisl, nec auctor sapien fermentum quis. Etiam ligula ligula, facilisis quis tellus id, finibus dictum massa. Pellentesque feugiat congue aliquet. Ut quis lacus et risus mollis finibus ac id ante.', 'mai-nha-xanh-1.jpg', 1, 0, 4, NULL, NULL);

-- --------------------------------------------------------

--
-- Cấu trúc bảng cho bảng `users`
--

CREATE TABLE `users` (
  `id` int(10) UNSIGNED NOT NULL,
  `name` varchar(255) COLLATE utf8_unicode_ci NOT NULL,
  `email` varchar(255) COLLATE utf8_unicode_ci NOT NULL,
  `password` varchar(255) COLLATE utf8_unicode_ci NOT NULL,
  `created_at` timestamp NULL DEFAULT CURRENT_TIMESTAMP,
  `updated_at` timestamp NULL DEFAULT NULL
) ENGINE=InnoDB DEFAULT CHARSET=utf8 COLLATE=utf8_unicode_ci;

--
-- Đang đổ dữ liệu cho bảng `users`
--

INSERT INTO `users` (`id`, `name`, `email`, `password`, `created_at`, `updated_at`) VALUES
(82, 'Đỗ Đức Huy', 'doduchuy.it.br@gmail.com', '202cb962ac59075b964b07152d234b70', '0000-00-00 00:00:00', NULL),
(83, 'Đỗ Đức Huy', 'duchuy1091997@gmail.com', 'c4ca4238a0b923820dcc509a6f75849b', '0000-00-00 00:00:00', NULL),
(84, 'huy', 'duchuy123@gmail.com', 'c4ca4238a0b923820dcc509a6f75849b', '2019-03-20 15:46:31', NULL),
(143, 'Đỗ Đức Huy', 'abc@gmail.com', 'c4ca4238a0b923820dcc509a6f75849b', '2019-03-20 17:46:29', NULL),
(146, 'Đỗ Đức Huy', 'a@mail.com', 'c4ca4238a0b923820dcc509a6f75849b', '2019-03-20 18:30:33', NULL),
(147, 'Đỗ Đức Huy', 'a@gmail.com', 'c4ca4238a0b923820dcc509a6f75849b', '2019-03-20 18:31:41', NULL),
(149, 'Đỗ Đức Huy', 'abcd@gmail.com', 'c4ca4238a0b923820dcc509a6f75849b', '2019-03-20 18:35:00', NULL);

--
-- Chỉ mục cho các bảng đã đổ
--

--
-- Chỉ mục cho bảng `comment`
--
ALTER TABLE `comment`
  ADD PRIMARY KEY (`id`),
  ADD KEY `comment_iduser_foreign` (`idUser`),
  ADD KEY `comment_idtintuc_foreign` (`idTinTuc`);

--
-- Chỉ mục cho bảng `theloai`
--
ALTER TABLE `theloai`
  ADD PRIMARY KEY (`id`);

--
-- Chỉ mục cho bảng `tintuc`
--
ALTER TABLE `tintuc`
  ADD PRIMARY KEY (`id`),
  ADD KEY `idTheLoai` (`idTheLoai`);

--
-- Chỉ mục cho bảng `users`
--
ALTER TABLE `users`
  ADD PRIMARY KEY (`id`),
  ADD UNIQUE KEY `users_email_unique` (`email`);

--
-- AUTO_INCREMENT cho các bảng đã đổ
--

--
-- AUTO_INCREMENT cho bảng `comment`
--
ALTER TABLE `comment`
  MODIFY `id` int(10) UNSIGNED NOT NULL AUTO_INCREMENT;

--
-- AUTO_INCREMENT cho bảng `theloai`
--
ALTER TABLE `theloai`
  MODIFY `id` int(10) UNSIGNED NOT NULL AUTO_INCREMENT, AUTO_INCREMENT=10;

--
-- AUTO_INCREMENT cho bảng `tintuc`
--
ALTER TABLE `tintuc`
  MODIFY `id` int(10) UNSIGNED NOT NULL AUTO_INCREMENT, AUTO_INCREMENT=70;

--
-- AUTO_INCREMENT cho bảng `users`
--
ALTER TABLE `users`
  MODIFY `id` int(10) UNSIGNED NOT NULL AUTO_INCREMENT, AUTO_INCREMENT=150;

--
-- Các ràng buộc cho các bảng đã đổ
--

--
-- Các ràng buộc cho bảng `comment`
--
ALTER TABLE `comment`
  ADD CONSTRAINT `comment_ibfk_1` FOREIGN KEY (`idUser`) REFERENCES `users` (`id`),
  ADD CONSTRAINT `comment_ibfk_2` FOREIGN KEY (`idTinTuc`) REFERENCES `tintuc` (`id`);

--
-- Các ràng buộc cho bảng `tintuc`
--
ALTER TABLE `tintuc`
  ADD CONSTRAINT `tintuc_ibfk_1` FOREIGN KEY (`idTheLoai`) REFERENCES `theloai` (`id`);
COMMIT;

/*!40101 SET CHARACTER_SET_CLIENT=@OLD_CHARACTER_SET_CLIENT */;
/*!40101 SET CHARACTER_SET_RESULTS=@OLD_CHARACTER_SET_RESULTS */;
/*!40101 SET COLLATION_CONNECTION=@OLD_COLLATION_CONNECTION */;
